PROVINCE / LGU,2014,2015,2016,2017,2018,2019,2020,2021,2022,2023,Distance (km),Distance (mi)
Jabonga,-,30.1166,25.4602,35.3477,0,36.9949,37.9403,29.6882,24.4771,28.2952,764.99,475.35
Jaen,-,-,6.9614,7.6626,0,35.7119,34.9152,31.013,28.6237,30.58,82.87,51.5
Jagna,-,31.9131,28.8509,38.1742,0,42.7441,45.1192,41.4716,31.7608,34.2969,660.67,410.52
Jalajala,-,26.3573,23.4833,37.68,0,39.3669,38.8752,32.901,34.0076,32.1463,45.24,28.11
Jamindan,-,22.4206,12.6501,30.7769,0,34.8568,34.8584,31.1243,27.7637,28.3644,390.14,242.42
Janiuay,19.8115,28.6616,25.2932,31.4785,0,35.3828,34.386,32.8639,30.542,28.5046,436.82,271.43
Jaro,-,11.9006,19.8323,36.1098,0,37.8634,37.2879,29.671,26.1526,24.5295,559.25,347.5
Jasaan,-,24.2135,22.4258,33.2533,0,35.5709,36.3798,32.8276,28.3256,29.8339,777.14,482.89
Javier,-,0.5265,19.7645,36.152,0,36.3909,36.5862,32.8646,30.0558,25.9984,876.54,544.66
Jiabong,-,-,18.0126,28.7124,0,32.2175,38.0163,32.1052,26.2422,33.0013,532.45,330.85
Jimalalud,-,21.8098,16.6656,35.9595,0,35.1733,32.3791,27.1377,23.4443,19.7354,566.09,351.75
Jimenez,32.4606,41.447,35.036,41.4913,0,39.9766,41.0313,33.9513,31.7065,31.3277,762.99,474.1
Jipapad,-,-,-,16.3321,0,22.4145,27.5613,26.6398,21.4597,21.8286,524.15,325.69
Jolo,-,-,-,-,-,-,-,9.2923,22.9354,33.2313,948.13,589.14
Jomalig,-,-,17.0591,27.2158,0,30.1777,33.1188,27.1671,23.9683,21.5533,146.45,91
Jones,28.4581,31.2651,22.1751,34.4891,0,35.5596,34.3669,29.5746,27.692,29.2111,233.04,144.8
Jordan,28.1035,40.1967,28.5479,37.5891,0,38.6937,39.8546,34.6868,33.3064,33.7222,474.28,294.71
Jose Abad Santos,18.9016,19.4805,12.6642,28.0165,0,31.6998,31.5696,27.7111,26.193,28.7442,1108.93,689.06
Jose Dalman,-,27.426,21.9525,32.216,0,32.9154,38.2148,33.9472,23.5625,22.0254,718.11,446.21
Jose Panganiban,27.2125,26.1807,23.8627,27.8611,0,28.7323,33.9359,27.527,26.9286,30.3736,187.78,116.68
Josefina,-,-,19.934,30.1195,0,32.2769,33.8555,30.5867,22.9741,26.5203,761.3,473.05
Jovellar,-,-,22.2439,27.0757,0,31.6548,32.6872,26.3527,22.0756,19.7537,329.65,204.83
Juban,-,-,15.3399,6.3315,0,32.8833,31.2337,20.1777,22.2071,24.0058,378.77,235.36
Julita,-,-,-,26.8466,0,32.1464,33.19,33.0295,30.1658,25.5011,589.76,366.46
Kabacan,17.6468,41.3015,30.6924,41.777,0,41.6144,44.6463,39.6457,35.6756,39.8796,930.93,578.46
Kabankalan,28.8067,33.9083,33.3063,41.4709,43.5849,38.8448,39.9146,34.7066,33.4965,31.3191,548.32,340.71
Kabasalan,21.8874,31.5819,24.3143,8.55,0,19.4795,21.9693,26.0795,27.0302,26.7696,778.76,483.9
Kabayan,-,10.3211,13.035,17.0034,0,31.6559,33.3698,30.5429,25.1448,25.3226,227.49,141.36
Kabugao,23.3958,21.704,10.4556,5.662,0,26.3948,15.2764,28.2993,21.5554,17.0635,382.31,237.55
Kabuntalan,-,-,-,-,-,-,-,30.0613,24.9411,24.4838,907.88,564.13
Kadingilan,-,24.106,23.8108,36.8962,0,37.9669,36.0204,31.9378,28.4782,28.7333,887.23,551.3
Kalamansig,14.0144,33.3934,27.2143,36.4144,0,36.5232,35.7434,32.3961,28.3721,30.8997,954.03,592.81
Kalawit,-,-,3.9273,27.1831,0,28.4132,31.208,30.5049,25.1889,22.8256,760.83,472.76
Kalayaan (LA),-,25.9223,19.9829,36.2202,0,37.4645,38.7433,32.4882,30.9493,28.9726,69.59,43.24
Kalayaan (PN),-,-,-,-,-,1.7533,30.9215,24.1361,22.6973,25.7064,565.01,351.08
Kalibo,42.1749,41.23,23.095,24.1689,0,42.8031,45.9729,37.7162,37.3149,40.7703,354.69,220.39
Kalilangan,-,26.8454,22.7808,34.0096,0,35.1576,36.224,30.9016,28.6268,25.8291,855.69,531.7
Kalingalan Caluang,-,-,-,-,-,-,-,3.4435,10.8303,2.5335,965.6,600
Kananga,24.6574,16.9303,19.8877,33.2559,0,34.3625,36.4316,31.3645,28.8914,30.8794,543.14,337.49
Kapai,-,-,-,-,-,-,-,-,20.2007,24.3765,804.17,499.69
Kapalong,30.2134,27.6951,20.0861,38.1902,0,39.2935,39.1038,35.5698,32.7814,36.9298,933.5,580.05
Kapangan,-,27.8382,22.8944,27.2496,0,35.7411,37.4124,31.1078,27.6476,24.5962,225.26,139.97
Kapatagan (LN),32.205,35.434,28.1403,38.1621,0,38.5775,38.4859,33.5571,29.6986,31.9413,804.76,500.05
Kapatagan (LS),-,-,-,-,-,-,-,30.211,27.008,29.3873,863.59,536.61
Kasibu,-,-,17.5345,31.7503,0,39.1274,40.6156,34.6465,33.1647,31.7026,195.85,121.69
Katipunan,-,23.8946,21.6625,23.7885,0,31.134,33.1495,28.6361,23.72,22.6522,720.24,447.53
Kauswagan,-,22.7019,14.6193,9.1325,0,39.421,44.329,42.457,34.7281,44.3528,787.57,489.37
Kawayan,-,-,19.0871,33.4251,0,23.5802,41.1883,33.7554,34.2196,34.3096,488.05,303.26
Kawit,27.8221,31.5937,25.7537,36.888,0,40.4443,40.5093,35.2215,31.4763,30.7138,17.17,10.67
Kayapa,-,24.3626,22.4842,30.3172,0,29.1384,31.4003,23.3442,28.513,31.7806,197.73,122.86
Kiamba,-,24.6734,24.925,36.1971,0,37.9652,37.9454,34.1369,29.8528,31.0696,1035.23,643.27
Kiangan,-,32.5071,26.6557,25.4636,0,32.9411,33.6665,32.191,29.5367,28.3497,244.27,151.78
Kibawe,-,22.531,22.558,32.1594,0,35.5046,35.2116,29.5361,24.3535,26.7448,894.01,555.51
Kiblawan,-,19.0644,16.816,25.3786,0,30.1944,33.2627,30.1258,27.2133,26.9473,1000.11,621.44
Kibungan,-,26.315,13.4526,35.083,0,35.9816,36.9525,32.0986,26.6176,23.934,237.29,147.45
Kidapawan,32.7675,41.8684,41.0164,43.4017,47.168,41.6838,44.0536,36.368,35.3557,39.2518,951.85,591.45
Kinoguitan,-,30.2311,26.9366,32.7705,0,35.8228,37.8628,31.8223,26.1335,27.7505,748.31,464.98
Kitaotao,-,22.6461,19.0871,27.6704,0,34.8971,35.1308,31.8456,26.5479,26.1297,888.61,552.16
Kitcharao,-,35.1001,25.3923,36.8245,0,40.1641,37.1316,35.1891,27.9115,31.7452,758.47,471.29
Kolambugan,-,36.744,32.6167,38.1857,0,40.2306,41.74,36.5298,32.0232,28.4301,786.65,488.8
Koronadal,35.8165,42.2915,41.8608,44.3429,46.0852,44.464,42.3593,39.9152,39.0022,38.8262,992.9,616.96
Kumalarang,-,21.6059,19.8,28.6783,0,33.2207,37.6497,30.134,26.4341,24.5595,794.77,493.85
La Carlota,32.9891,33.6924,32.5217,39.8459,41.0299,35.0417,36.2779,33.049,31.3557,32.1863,509.65,316.68
La Castellana,21.8146,24.9249,8.8801,19.0363,0,31.482,34.059,28.1158,27.0367,25.8795,523.45,325.26
La Libertad (NR),-,22.1045,22.4446,33.4423,0,35.4967,37.5371,30.9857,28.4398,22.6289,564.24,350.6
La Libertad (ZN),-,-,16.5722,23.0922,0,26.4582,31.0889,31.2117,23.9883,25.236,735.76,457.18
La Paz (AA),-,11.027,26.1607,35.4438,0,26.3479,34.7787,34.1585,26.2631,32.5933,344.04,213.78
La Paz (AS),25.7097,27.7649,21.5581,29.7452,0,33.1677,34.4601,27.8104,25.5573,27.064,865.85,538.01
La Paz (LE),-,-,20.1948,33.536,0,34.047,31.5858,30.2025,25.6879,25.6822,593.12,368.55
La Paz (TC),-,19.0251,10.231,26.0345,0,28.0358,29.11,18.6565,25.1328,26.2812,97.68,60.7
La Trinidad,33.5404,36.2186,33.4307,40.2555,0,45.2428,46.1893,39.7615,30.6304,37.6192,212.87,132.27
Laak,23.2845,28.7156,22.775,12.1127,0,36.2213,31.3841,36.408,29.8312,34.7268,917.49,570.1
Labangan,-,-,10.2241,11.7053,0,26.4485,33.6829,32.3361,29.5757,29.2314,796.7,495.04
Labason,-,-,27.3073,32.9339,0,36.4831,40.3874,36.4994,32.6856,31.5956,744.11,462.37
Labrador,-,-,13.9704,32.51,0,32.2961,32.8214,32.2916,29.0057,24.3368,182.14,113.17
Lacub,-,-,-,13.6545,0,30.6732,32.1341,31.313,24.6737,27.5171,346.47,215.29
Lagangilang,-,-,16.0839,31.5553,0,32.4868,34.9303,31.3862,24.3311,25.7014,337.43,209.67
Lagawe,31.4874,38.6582,31.6474,11.4109,0,39.6714,39.4805,34.1526,28.579,34.9903,247.3,153.66
Lagayan,-,-,-,18.0505,0,26.6557,30.7111,-,23.4945,26.5555,349.54,217.19
Lagonglong,-,28.5903,22.5921,29.2658,0,36.4326,37.6821,33.2522,27.0026,29.9845,764.7,764.7
Lagonoy,-,21.3772,17.4879,29.8331,0,25.4218,29.2124,28.8672,22.0644,22.9692,290.24,180.35
Laguindingan,-,34.5038,29.8311,37.7486,0,40.6138,40.0962,35.4317,27.8672,30.0631,767.48,476.89
Lake Sebu,18.7437,26.2485,23.7812,37.0049,0,36.2914,36.9572,32.4789,28.1499,32.4529,1015.13,630.77
Lakewood,20.1014,23.8304,15.4637,30.0627,0,29.0975,34.7725,32.4264,29.0688,27.2827,786.38,488.64
Lala,32.3487,34.7279,28.9545,35.2414,0,35.4539,38.3697,33.8076,29.7319,31.6549,795.97,494.59
Lallo,16.9703,30.5918,22.7539,33.9006,0,34.1428,37.3205,31.6947,27.8227,30.8692,407.88,253.44
Lambayong,-,29.6449,26.3563,33.8186,0,36.8073,37.2785,33.7544,30.0368,31.132,953.33,592.37
Lambunao,25.4046,26.2766,25.7313,38.4795,0,36.2112,38.6905,33.1981,36.5768,34.5902,424.57,263.82
Lamut,-,32.5678,31.7081,40.4812,0,41.5514,40.32,42.1147,36.661,38.3347,231.66,143.95
Lamitan,-,-,21.7253,31.4814,30.6331,33.9389,32.1954,30.2307,28.8245,28.6632,890.17,553.13
Langiden,-,-,-,22.3437,0,25.4936,28.9219,24.421,18.4358,19.355,336.4,209.03
Languyan,-,-,-,-,-,-,-,25.0611,20.2571,20.9072,1040.39,646.47
Lantapan,27.8687,28.725,23.0641,36.069,0,34.9176,36.6222,30.903,27.0049,28.4249,850.15,528.26
Lantawan,-,-,-,-,-,-,-,23.116,17.9807,31.8586,893.85,555.41
Lanuza,-,23.038,22.4902,28.0049,0,33.034,35.7071,30.5184,27.6676,26.8316,812.3,504.74
Laoac,-,34.5457,28.7517,38.243,0,36.5452,38.6921,34.0499,30.4885,32.0311,169.29,105.19
Laoag,37.0633,39.2823,36.8037,41.4813,44.5948,38.9122,41.4007,38.468,35.929,37.0499,406.94,252.86
Laoang,-,-,20.0868,29.6774,0,29.0341,32.1993,27.4424,27.6907,30.2075,490.86,305
Lapinig,-,-,-,18.9092,0,24.2147,27.826,27.3115,23.2771,29.5499,531.57,330.3
Lapu Lapu,31.0476,34.5924,32.4878,40.618,41.4732,37.2416,37.5898,31.9822,32.1366,35.3183,574.74,357.12
Lapuyan,-,20.3088,19.4275,17.3437,0,23.6179,26.0456,32.2656,29.9919,27.7799,792.96,492.72
Larena,20.9291,27.1143,22.0175,35.397,0,35.6649,42.0804,35.5381,33.9818,36.5302,657.89,408.8
Las Navas,-,-,-,28.9696,0,15.9977,33.3901,26.8582,27.1533,28.0852,504.71,313.61
Las Nieves,-,27.6686,21.3372,35.4849,0,35.5015,35.1897,32.1697,26.9425,19.572,407.88,510.11
Las Pinas,25.859,38.2466,34.1145,38.2603,40.6006,34.6591,38.4119,32.1821,33.3183,35.1899,13.77,8.56
Lasam,-,-,27.6398,30.2721,0,38.3657,40.4164,33.5187,33.1114,31.2976,393.51,244.52
Laua-An,-,17.3696,15.5486,24.2293,0,35.7094,37.7037,31.2245,32.1003,30.5051,399.53,248.26
Laur,-,-,15.5222,22.333,0,26.4629,26.3111,21.7041,24.0342,22.5654,113.63,70.61
Laurel,-,25.7371,18.8127,34.4486,0,39.5811,40.045,31.6694,28.4578,30.131,60.21,37.42
Lavezares,-,-,19.0829,26.5316,0,36.365,39.4015,32.241,27.6725,32.6457,428.18,266.06
Lawaan,-,-,18.243,30.3646,0,33.83,35.0197,29.5709,25.9574,27.8006,603.68,375.11
Lazi,17.6619,29.3642,26.6949,36.3355,0,35.4745,34.0806,32.6926,29.0735,27.2369,678.36,421.51
Lebak,11.585,26.4053,26.9951,34.8354,0,38.5211,37.6851,35.0252,28.3395,34.2024,947.47,588.73
Leganes,-,37.6873,27.4634,36.6889,0,40.7817,41.9626,35.34,35.4193,35.3078,458.26,284.75
Legazpi,37.4601,41.3456,47.7672,49.1971,57.3392,52.5991,60.6076,46.9244,50.4261,51.6097,339.32,210.84
Lemery (BS),29.5505,31.8562,28.2529,40.5834,0,39.7339,40.5268,34.5502,31.7287,33.247,70.46,43.78
Lemery (IO),-,24.7049,21.564,29.0276,0,32.6163,36.3399,30.893,23.1484,21.1587,430.38,267.43
Leon,-,27.3041,21.4398,32.9519,0,36.2671,37.0606,31.8022,29.6579,30.4644,451.06,280.28
Leyte,-,-,24.3393,30.9175,0,34.8638,30.7214,30.6961,29.9552,29.2255,591.85,367.76
Lezo,-,-,-,26.8081,0,30.0247,34.7159,32.943,29.9813,26.1752,521.9,324.29
Lian,-,27.5946,24.6376,35.6702,0,35.9342,36.1699,31.0043,29.7199,31.4459,80.72,50.16
Lianga,-,23.2246,20.6751,34.7875,0,32.0133,37.2338,27.5027,25.1064,27.0574,865.2,537.61
Libacao,-,6.4802,5.2709,11.5046,0,34.5632,33.7764,26.5163,24.1809,25.2468,373.81,232.27
Libagon,-,-,16.4436,32.443,0,27.5278,35.6412,30.3594,26.6966,28.9403,651.29,404.69
Libertad (AE),-,-,19.194,23.8792,0,26.654,35.9747,35.1444,29.5969,32.209,332.53,206.62
Libertad (MO),-,29.371,21.9144,32.9783,0,35.3922,38.2723,34.3861,28.0255,26.4796,765.6,475.72
Libmanan,25.8642,27.1283,24.4315,33.812,0,31.6411,32.4059,26.3634,25.2764,28.5548,245.71,152.67
Libjo,-,24.0585,20.3723,30.3381,0,31.0801,34.372,29.9075,24.8831,26.724,694.87,431.77
Libon,23.0897,26.9711,19.2404,29.66,0,30.9674,34.3151,28.5962,28.5368,29.7778,301.62,187.42
Libona,28.7474,27.9503,21.1797,36.0277,0,35.174,35.8047,31.4781,28.8556,25.2851,797.6,495.61
Libungan,20.9361,33.4237,26.8798,38.3871,0,35.3413,37.0764,29.8842,27.3269,29.3459,903.03,561.12
Licab,-,21.5938,20.3101,32.1135,0,36.7823,34.8826,31.1206,31.1233,28.4768,108.84,67.63
Licuan-Baay,-,-,-,23.0304,0,30.4613,35.3779,28.9653,26.2058,26.6576,332.39,206.54
Lidlidda,-,26.1773,27.1071,36.126,0,34.6441,37.0817,32.618,26.3243,32.8435,302.96,188.25
Ligao,31.6283,37.402,32.5116,37.8155,39.374,34.011,40.1165,35.2149,36.9546,38.0363,314.29,195.29
Lila,-,19.0472,24.2505,36.1174,0,37.1337,36.8198,35.2397,28.5388,31.0021,651.8,405.01
Liliw,-,34.4227,27.3605,39.8721,0,38.7653,39.299,33.9371,31.8807,32.5482,71.18,44.23
Liloan (CU),29.7339,30.0276,26.4632,36.2284,0,41.7432,43.2268,35.5499,34.7524,36.8806,570.52,354.5
Liloan (SL),-,1.4384,18.8158,28.6236,0,37.0787,36.6693,33.6081,31.3913,28.6496,668.38,415.31
Liloy,-,32.1359,28.25,36.9975,0,37.9294,42.7061,38.3553,35.8341,33.2991,741.84,460.96
Limasawa,-,-,-,24.8915,0,17.9784,27.2985,27.2659,13.0275,21.4856,682.44,424.05
Limay,26.2307,36.0562,29.4295,31.5894,0,32.0592,36.64,34.8435,33.872,32.9022,40.7,25.29
Linamon,-,18.8713,28.3069,35.3586,0,36.9296,40.083,36.9768,29.884,31.5476,791.74,491.97
Linapacan,-,-,-,-,0,19.4655,22.6019,24.2401,18.0309,17.9033,363.14,225.65
Lingayen,9.4298,21.7489,28.4578,37.9099,0,37.4961,38.3954,37.4129,34.5328,36.0099,178.67,111.02
Lingig,-,24.0936,19.1666,32.688,0,30.9639,32.4052,29.1073,26.3606,29.1817,938.73,583.3
Lipa,32.1121,42.0852,40.488,45.2534,45.5821,47.207,47.2331,39.8592,40.0203,42.2445,74.64,46.38
Llanera,-,34.431,23.4963,34.8105,0,38.0074,39.0511,33.9818,32.4053,30.3539,118.87,73.86
Llorente,-,5.6709,13.6295,31.7844,0,33.2713,33.8244,19.0547,24.9948,24.9667,607.74,377.63
Loay,-,17.8335,22.0796,34.9015,0,36.1435,37.3327,35.0454,29.3603,30.2514,644.97,400.76
Lobo,-,20.6205,26.2137,38.9105,0,39.302,40.1931,31.5879,33.3384,32.6326,107.03,66.51
Loboc,-,18.5331,23.1267,35.8573,0,36.4952,38.3092,34.4462,34.8653,26.3875,642.39,399.16
Looc (OM),-,22.9311,18.5069,9.0661,0,34.0171,37.653,38.7667,31.6542,32.6385,124.58,77.41
Looc (RN),23.1358,31.9371,19.4269,30.8072,0,39.2681,35.3558,30.5174,32.2268,31.2444,284.45,176.75
Loon,-,26.9439,24.5379,35.67,0,35.4881,38.1145,32.1311,32.6309,34.3434,613.75,381.37
Lope De Vega,-,-,-,25.0128,0,25.9128,31.6826,24.8632,24.5193,23.4982,470.81,292.55
Lopez,31.6267,32.4679,26.8546,38.0496,0,34.1331,35.8146,28.8094,33.9578,36.5677,158.73,98.63
Lopez Jaena,-,21.32,24.6169,35.6841,0,32.4578,32.8963,24.6169,23.9924,29.1999,736.36,457.55
Loreto (AS),25.7979,25.1885,19.3385,30.3345,0,35.2045,35.3467,31.317,33.6228,32.8222,881.18,547.54
Loreto (DI),-,27.7092,21.3556,33.4783,0,36.0331,33.4994,28.6811,28.2215,25.1436,686.95,426.85
Los Banos,24.9096,28.4199,28.7606,39.6439,0,39.84,40.5636,33.4767,29.7186,37.0203,55.92,34.75
Luba,-,-,-,20.6365,0,33.7251,33.9286,29.4001,23.6102,22.239,304.3,189.08
Lubang,-,24.9647,21.2722,9.4868,0,34.2935,28.8873,25.2397,21.8863,24.7033,122.01,75.81
Lubao,40.0994,35.0811,30.4201,40.8113,0,40.5644,39.6844,34.9691,31.6975,32.4249,56.49,35.1
Lubuagan,-,26.6539,19.0796,26.798,0,29.699,32.6793,28.652,27.2617,25.0513,308.74,191.84
Lucban,-,26.7543,26.9646,39.0314,0,37.3799,38.8548,33.2321,30.6472,35.2269,81.32,51.31
Lucena,31.8182,32.8945,31.2489,36.396,36.1895,32.6478,33.0876,26.5726,34.7612,36.2865,101.44,63.03
Lugait,-,31.6045,25.3172,34.4638,0,35.6886,36.3792,32.998,25.4801,28.0132,780.52,484.99
Lugus,-,-,-,-,-,-,-,-,2.3588,0.047,987.64,613.69
Luisiana,-,-,24.7214,34.2781,0,33.15,36.0696,29.0032,28.7121,27.5751,72.57,45.09
Lumba-Bayabao,-,-,-,-,-,-,-,21.4035,18.5957,19.4956,840.46,522.23
Lumbaca-Unayan,-,-,-,-,-,-,-,-,10.5727,12.1804,840.06,521.99
Lumban,-,34.0026,23.4881,34.8193,0,37.4077,37.8681,30.857,24.0874,26.2551,61.04,37.93
Lumbatan,-,-,-,-,-,-,-,24.0842,20.6375,20.4574,836.08,519.52
Lumbayanague,-,-,-,-,-,-,-,20.0875,22.867,19.1807,838.06,520.75
Luna (AO),-,31.4702,23.6252,33.3802,0,34.6513,33.0134,30.6803,29.8506,31.0432,417.69,259.54
Luna (IA),-,30.2839,26.4757,33.9106,0,37.5938,43.0516,35.8997,32.3997,37.0873,276.12,171.58
Luna (LU),-,21.9954,21.1466,28.9551,0,38.6918,40.606,34.2135,29.0894,29.5523,259.05,160.97
Lupao,-,25.2657,25.4191,33.3235,0,38.7382,39.2937,32.4882,28.4182,27.8554,144.19,89.6
Lupi,-,-,-,-,0,13.0812,33.6044,27.6366,31.8582,31.8189,223.18,138.68
Lupon,23.1624,38.7033,24.128,37.9684,0,36.9993,38.8966,33.9515,31.5801,34.3653,1017.29,632.12
Lutayan,27.5478,27.3877,24.9801,36.0309,0,35.875,34.775,31.7884,24.5391,26.9955,986.22,612.81
Luuk,-,-,-,-,-,-,-,-,22.7008,24.4239,958.68,595.69
Ma-Ayon,-,-,-,31.1151,0,36.9798,35.5464,31.6427,17.8359,22.0675,405.43,251.92
Maasim,-,29.1282,24.86,37.8441,0,38.6758,39.7638,35.2693,30.7878,32.7373,1064.81,661.64
Maasin (IO),-,16.2417,17.4312,28.3003,0,37.5996,37.3927,31.6198,25.7236,27.0748,650.31,404.08
Maasin (SL),26.5854,18.7014,25.9307,40.0587,42.0708,39.1,40.4331,31.3933,34.2277,31.1736,650.41,404.15
Mabalacat,23.086,27.1638,24.6861,33.5659,42.8849,41.1063,42.9334,35.5713,32.9138,32.0013,83.22,51.71
Mabinay,20.1233,26.3826,22.3036,36.4847,0,33.308,37.0351,30.1485,31.1415,29.6918,580.05,360.43
Mabini (BL),-,12.8274,15.3849,31.6727,0,37.8733,33.587,25.9348,21.8637,20.7043,652,405.13
Mabini (BS),28.8862,28.1495,22.8615,32.3942,0,35.2125,35.5655,30.6169,30.1158,33.9271,93.61,58.17
Mabini (CV),-,22.2805,21.9276,15.115,0,35.1455,-,32.3863,23.281,25.8506,969.52,602.43
Mabini (PS),-,-,13.4824,33.9872,0,33.149,34.5365,28.8007,22.2897,20.726,197.9,122.97
Mabitac,-,-,16.1184,31.3291,0,31.6389,36.9173,33.8225,25.0646,29.8916,51.53,32.02
Mabuhay,-,-,21.6398,9.1166,0,27.4762,33.8919,29.2413,25.5905,25.4832,825.44,512.9
Macabebe,21.5857,20.8034,23.6945,30.683,0,31.0895,36.2148,31.7003,29.6267,30.6669,45.76,28.43
Macalelon,-,-,19.7241,29.5307,0,29.5076,33.4026,25.6909,28.7205,28.9964,156.15,97.02
Macarthur,-,-,-,22.7864,0,33.2762,38.285,33.9635,28.5488,24.8873,604.38,375.54
Maco,24.7029,28.3117,23.3659,35.6822,0,38.8898,38.8452,36.4705,31.1079,32.0496,963.83,598.9
Maconacon,-,-,14.7298,27.4271,0,31.9782,36.0519,27.8516,29.1967,24.1765,340.01,211.27
Macrohon,-,1.1776,17.9449,29.2113,0,19.0504,33.3024,29.3822,30.6919,27.6948,660.74,410.56
Madalag,-,4.1708,4.6457,2.2366,0,24.3682,27.9893,25.1039,15.3565,21.1548,369.25,229.44
Madalum,-,-,-,-,-,-,-,26.0325,16.7919,16.5586,819.87,509.45
Madamba,-,-,-,-,-,-,-,27.2558,26.2535,15.6017,824.09,512.06
Maddela,-,26.3322,24.2757,38.1296,0,39.1837,37.9737,32.5715,29.6961,30.7724,209.84,130.39
Madrid,-,25.5138,22.3487,29.9945,0,34.5214,37.8506,33.6772,26.1552,24.5049,804.04,499.6
Madridejos,-,29.1353,23.4725,33.5392,0,40.2557,38.6254,34.0027,27.863,25.7113,473.29,294.09
Magalang,27.2305,25.1524,16.4217,9.5637,0,31.7817,35.5308,31.6675,31.2622,32.008,77.38,48.08
Magallanes (AN),-,24.0177,24.7279,35.0309,0,36.6798,37.2903,33.2055,31.5603,28.6494,792.78,492.61
Magallanes (CE),-,-,25.678,31.1578,0,35.7396,39.5893,32.0853,33.5604,30.8401,50.72,31.52
Magallanes (SO),-,-,26.1239,38.2751,0,37.772,35.4992,27.534,26.8005,25.9711,366.31,227.61
Magarao,-,-,-,31.3783,0,32.4062,28.5162,23.9214,19.3355,25.8776,259.9,161.49
Magdalena,-,-,27.0879,38.107,0,37.7141,38.826,32.1652,31.2223,29.8519,64.09,39.82
Magdiwang,-,16.9087,16.4079,30.4451,0,36.9555,35.0185,26.0055,-,26.2862,285.94,177.68
Magpet,29.1306,27.8502,26.6397,37.6219,0,36.162,37.6492,31.3276,29.0819,29.9372,946.91,588.39
Magsaysay (DS),-,29.1422,27.0716,33.6988,0,42.8399,42.4956,39.5663,35.3369,38.9961,935.86,581.52
Magsaysay (LN),-,4.7745,8.0017,7.862,0,29.8836,38.3776,34.4014,23.7625,30.6497,796.65,495.02
Magsaysay (MO),-,32.0516,25.5207,38.5754,0,36.6283,38.0271,32.6688,33.451,32.8238,770.73,478.91
Magsaysay (OM),28.5407,26.4451,21.9075,31.3548,0,32.1669,34.182,28.2118,29.2149,29.9612,252.17,770.73
Magsaysay (PN),-,-,-,-,0,14.3491,17.4921,28.5264,25.487,22.5371,415.61,258.25
Magsingal,-,26.7974,23.632,26.9814,0,38.9351,40.5345,35.8564,33.4912,32.3386,350.28,217.66
Maguing,-,-,-,-,-,-,-,18.5737,22.6226,16.3494,846.37,525.91
Mahaplag,-,-,19.7117,29.6922,0,37.2302,33.1007,32.4458,27.9174,24.4661,620.51,385.57
Mahatao,-,23.9445,16.2619,28.1449,0,29.9983,28.1698,26.5285,22.2545,25.7926,656.81,408.12
Mahayag,-,25.777,23.9388,29.187,0,37.2177,38.5551,32.8209,30.9381,24.3102,765.51,475.66
Mahinog,27.1872,31.963,24.6504,35.7247,0,38.9634,44.5086,42.3393,35.2946,37.9959,732.39,455.09
Maigo,-,24.9487,22.8298,24.1602,0,34.4907,36.3474,32.2358,27.9905,26.997,784.73,487.61
Maimbung,-,-,-,-,-,-,-,-,25.389,28.0074,959.6,596.27
Mainit,-,34.5879,27.3219,35.5727,0,39.1042,39.7733,33.988,32.0525,31.3824,747.8,464.66
Maitum,27.1096,30.298,25.1278,36.3048,0,36.7659,36.7783,32.963,30.6405,32.8027,1022.86,635.57
Majayjay,-,-,20.1131,30.9246,0,29.5131,31.3553,25.5615,30.2043,29.6018,72.16,44.84
Makati,53.2422,54.4147,56.2267,55.1862,53.5303,51.3743,53.7875,46.7149,48.7075,47.1135,5.72,3.55
Makato,-,-,-,13.7667,0,32.6194,34.8506,30.8191,32.2042,28.0849,349.89,217.41
Makilala,31.1247,33.9253,28.3801,39.1376,0,38.3817,39.5591,33.9373,32.2352,34.5617,958.78,595.76
Malabang,-,-,-,-,-,-,-,21.0567,16.388,10.8836,844.25,524.59
Malabon,33.3351,31.675,30.8689,40.5823,39.985,36.4559,36.6971,31.8047,37.956,34.8983,11.8,7.33
Malabuyoc,-,26.431,25.5554,32.4685,0,37.3236,37.2448,31.4024,25.2113,26.2254,604.79,375.8
Malalag,-,23.781,21.6464,24.7637,0,36.6085,36.7585,33.2114,28.4976,30.7931,1013.36,629.67
Malangas,-,22.8193,16.7273,13.1475,0,28.0631,24.9212,28.9133,25.6437,27.3653,804.4,499.83
Malapatan,21.4046,26.7938,23.1717,36.0322,0,36.2622,36.5123,33.3433,29.4213,32.2494,1067.3,663.19
Malasiqui,7.0845,24.6109,21.4016,33.0398,0,33.7792,35.799,35.432,26.7126,30.8964,160.43,99.69
Malay,29.842,38.7144,40.5808,48.0664,0,45.2598,46.1602,38.3597,34.8706,40.0593,314.43,195.38
Malaybalay,31.671,35.0605,32.1844,41.2086,42.691,39.5139,40.732,34.3008,34.7428,36.6512,845.97,525.66
Malibcong,-,-,-,25.0289,0,30.4664,31.1964,31.753,34.2764,32.9177,331.68,206.09
Malilipot,-,-,16.0705,27.5072,0,32.9351,32.744,22.7674,27.068,24.465,329.73,204.88
Malimono,-,25.8875,19.9553,34.1646,0,38.2523,40.8207,36.4005,27.1813,27.3655,732.15,454.94
Malinao (AK),-,22.2999,13.3497,4.9065,0,37.5929,36.6269,32.5399,25.6295,29.4622,358.46,222.74
Malinao (AY),-,21.7006,19.8993,30.5564,0,32.5399,33.6823,30.2879,29.3485,26.9959,323.54,201.04
Malita,22.2238,26.8444,16.3581,33.5115,0,36.9924,37.5256,35.9552,35.263,32.7381,1039.62,645.99
Malitbog (BK),-,22.3323,21.8171,34.6996,0,35.1417,34.3576,28.544,22.2823,25.6532,796.82,495.12
Malitbog (SL),-,0.7624,19.6527,29.3134,0,31.108,23.5015,27.0203,22.9189,25.8453,659.07,409.53
Malolos,28.069,32.2504,29.2701,38.1621,36.9768,32.0664,43.0787,38.3813,36.7204,39.6206,36.36,22.59
Malungon,16.5571,35.3787,27.6494,40.5736,0,39.5388,41.9503,36.1502,33.1313,38.7548,1026.03,637.54
Maluso,-,-,-,-,-,-,-,32.3176,25.8955,29.471,988.9,558.55
Malvar,-,24.7925,24.619,35.5923,0,35.2041,35.2523,31.1848,29.6154,33.8441,64.96,40.36
Mamasapano,-,-,-,-,-,-,-,30.1993,25.6213,28.1471,933.36,579.96
Mambajao,32.4219,45.6104,34.4724,45.7488,0,47.4956,50.8523,43.197,37.8596,38.7753,718.1,446.21
Mamburao,22.9739,26.5116,19.3733,25.8505,0,29.2552,32.8639,28.596,29.7698,31.2817,161.46,100.33
Mambusao,-,30.3059,15.9634,22.787,0,38.2629,36.6602,30.4172,28.4926,26.0372,392.24,243.72
Manabo,-,-,-,26.5642,0,30.2896,36.9846,33.6984,27.254,32.1542,319.06,198.25
Manaoag,10.5974,18.4221,18.3801,28.6162,0,34.6646,36.5534,33.4453,28.0365,28.439,170.72,106.08
Manapla,-,25.7829,11.0871,35.8625,0,32.7914,31.4467,27.5837,24.6571,27.1046,466.35,289.77
Manay,-,22.8592,19.8996,30.8523,0,34.6164,36.6378,31.9337,29.6777,30.4879,1020.06,633.84
Mandaluyong,41.4875,37.2067,35.4191,44.6457,44.4814,39.6788,40.2337,33.5869,40.9446,37.7354,6.61,4.11
Mandaon,11.5412,13.2641,7.349,3.1026,0,29.047,28.9428,29.452,27.9493,27.2858,361.97,224.92
Mandaue,31.2682,34.1646,30.973,39.0839,44.5681,37.9215,38.6424,38.5069,41.8057,41.6661,572.24,355.57
Mangaldan,24.3679,35.6124,30.2167,39.6247,0,37.6642,39.5804,36.1709,36.662,39.5791,176.06,109.4
Mangatarem,13.2892,22.0074,21.3101,32.6579,0,32.1684,36.1913,34.2793,31.4448,34.9315,152.98,95.06
Mangudadatu,-,-,-,-,-,-,-,24.5637,24.4526,31.8335,971.23,603.49
Manila,43.1479,54.9629,54.7559,63.7276,59.5624,61.1141,65.9782,58.8263,57.4961,56.2923,-,-
Manito,-,-,28.6093,30.3758,0,31.0785,35.4195,28.8222,22.1503,22.2555,352.98,219.33
Manjuyod,-,27.6824,18.7904,35.391,0,33.1931,29.7634,26.7668,20.6834,20.0582,594.13,369.18
Mankayan,22.2717,29.0974,11.7717,35.6522,0,34.9658,36.1453,29.5568,28.3311,28.5752,253.71,157.65
Manolo Fortich,38.3611,37.6727,32.2456,41.3963,0,40.8929,41.417,35.7514,31.6319,37.3967,809.66,503.1
Mansalay,-,20.1929,20.2725,27.1553,0,28.3261,24.8366,26.645,22.6987,23.6369,234.73,145.86
Manticao,-,28.4971,26.0041,29.9749,0,37.0667,38.5127,32.2839,28.4963,30.1137,776.05,482.21
Manukan,-,22.8055,24.9745,35.5956,0,36.5063,38.3857,33.4644,27.7921,29.8445,713.05,443.07
Mapanas,-,-,-,26.7905,0,28.2753,31.3232,25.7954,24.237,24.7905,518.58,322.23
Mapandan,-,-,15.0549,24.7855,0,34.8293,37.0969,29.9901,25.9011,27.6485,170.05,105.67
Mapun,-,-,-,-,-,-,-,25.2723,23.5473,23.6874,884.34,549.51
Marabut,-,-,18.281,29.2558,0,32.1615,37.8666,29.0388,23.9754,27.7531,590.3,366.8
Maragondon,-,36.0669,23.1057,36.5079,0,40.3796,41.7463,31.0445,33.4095,34.3802,42.9,26.66
Maragusan,24.1674,29.4251,21.9081,35.0484,0,38.0253,40.4157,35.9124,33.0963,33.3244,983.92,611.38
Maramag,33.432,37.8261,31.705,40.4363,0,40.6199,42.837,35.2311,35.6558,36.8524,876.48,544.62
Marantao,-,-,-,-,-,-,-,26.3671,24.5129,23.3834,818.06,508.32
Marawi,-,-,19.8042,8.7725,6.088,10.8203,10.2608,30.8995,30.655,32.8447,815.86,506.95
Marcos,-,16.9611,25.0845,29.6066,0,36.0984,36.7421,32.1226,27.3032,27.6905,384.78,239.09
Margosatubig,25.1321,27.3189,21.91,9.8816,0,36.7267,37.5202,32.9346,30.3536,20.6327,815.77,506.89
Maria,-,26.1535,27.3303,33.6068,0,33.2257,36.4002,32.9769,27.5085,29.8458,384.78,239.09
Maria Aurora,29.2405,27.4529,16.0427,12.89,0,35.3858,36.2472,31.3539,28.9084,30.3116,145.39,90.34
Maribojoc,-,27.7927,29.3471,34.762,0,39.4885,41.4774,34.9447,34.2671,31.826,621.96,386.47
Marihatag,-,21.868,22.7808,32.0698,0,34.2777,34.9779,31.9093,31.5313,29.9697,864.13,536.95
Marikina,45.4654,37.9577,35.3606,39.4154,44.1069,37.7537,32.829,30.5437,37.6813,36.6775,15.85,9.85
Marilao,30.5375,32.9667,33.3013,38.0634,0,44.9679,44.5159,38.8319,35.0122,39.8913,19.98,12.42
Maripipi,-,-,-,25.5704,0,25.5232,33.5098,30.9154,24.121,25.7897,477.65,296.8
Mariveles,20.6092,30.0387,29.2672,34.2108,0,39.478,41.4505,34.6918,31.2692,37.8697,54.87,34.09
Marogong,-,-,-,-,-,-,-,12.7731,23.8804,15.0491,840.34,522.16
Masantol,-,29.8965,23.0775,33.6382,0,35.3325,35.1533,31.6818,30.569,30.3798,44.75,27.81
Masbate,24.7807,36.3401,36.6956,41.0652,43.1224,35.8468,38.6756,33.7488,31.3684,32.018,376.53,233.96
Masinloc,25.2309,22.7404,18.1686,33.3952,0,38.3206,39.8793,32.2598,29.4214,32.8237,153.14,95.16
Masiu,-,-,-,-,-,-,-,29.3033,24.4107,23.6948,837.36,520.31
Maslog,-,-,-,-,-,25.899,28.1662,26.2348,19.5761,22.8537,530.58,329.69
Mataasnakahoy,-,-,27.6306,39.4822,0,39.3463,40.0886,34.8017,31.7299,30.539,72.19,44.86
Matag-Ob,-,-,13.8346,27.2168,0,33.1377,37.1243,28.5736,20.6702,22.238,538.26,334.46
Matalam,30.8858,32.2905,26.3733,38.1863,0,36.7737,38.1371,32.2219,27.7965,32.4538,937.38,582.46
Matalom,-,0.7615,15.8366,34.1293,0,35.9503,34.7379,30.4102,30.6452,25.7178,632.53,393.04
Matanao,-,12.4911,22.3145,32.2579,0,34.5907,33.563,30.9972,30.3524,31.1471,988.47,614.21
Matanog,-,-,-,-,-,-,-,30.5781,26.1521,23.6441,868.47,539.64
Mati,35.4786,38.676,29.4124,36.3433,40.1635,38.2756,39.4843,36.1177,38.0538,38.0427,1023.64,636.06
Matnog,9.887,23.6827,12.8285,7.2292,0,8.1994,25.9378,26.9748,27.1072,20.2633,405.02,251.66
Matuguinao,-,-,-,27.4551,0,25.9845,36.5608,27.2955,19.3709,22.5239,502.42,312.19
Matungao,-,23.2681,22.6372,31.2907,0,32.9334,35.6641,32.8477,24.9454,26.1742,796.99,495.23
Mauban,28.6945,29.1956,27.7519,40.0253,0,39.1158,39.9401,33.6404,30.7074,35.5018,96.93,60.23
Mawab,-,23.3466,21.8413,34.9692,0,41.814,41.8958,36.6695,34.7095,32.1374,953.71,592.61
Mayantoc,-,-,13.2403,28.0985,0,33.945,37.0399,31.452,30.3092,27.9904,131.02,81.41
Maydolong,-,-,15.7026,25.2283,0,31.5772,30.0267,26.7954,29.0734,26.7343,598.23,371.72
Mayorga,-,-,-,27.8157,0,34.6005,31.9427,25.3731,21.6358,20.6585,599.83,372.72
Mayoyao,-,-,18.4427,24.9101,0,31.5635,31.5512,28.8503,34.1495,31.112,267.12,165.98
Medellin,-,13.1295,19.3221,33.5851,0,35.125,35.3982,32.1815,29.7288,28.5945,503.65,312.95
Medina,30.5078,33.4371,26.1828,32.3536,0,42.7073,42.0599,37.1089,32.8279,32.5704,770.47,478.75
Mendez,-,-,26.1669,38.8775,0,40.5269,40.586,39.0849,36.0448,33.3033,52.29,32.49
Mercedes,23.5967,30.8862,25.2661,32.2889,0,34.5084,34.973,32.4919,30.5072,27.5223,226.02,140.45
Mercedes (ES),-,-,12.9814,31.5966,0,29.0449,29.4351,14.1871,16.2514,22.9409,644.17,400.27
Merida,-,-,-,31.1551,0,32.2807,35.9579,31.4051,27.5507,28.7029,561.75,349.06
Mexico,25.9586,29.2328,24.5175,36.737,0,37.0274,40.9129,34.4473,28.6797,29.9639,58.88,36.58
Meycauayan,22.03,20.7295,33.185,37.5325,40.0152,41.8788,43.588,37.3938,38.365,38.5273,19.93,12.38
Miag-ao,16.0108,27.0733,25.3469,35.998,0,37.5215,38.3577,33.1042,31.0396,33.3475,460.49,286.13
Midsalip,-,-,22.9879,22.0719,0,34.9767,38.0223,31.6253,30.2535,28.9518,771.37,479.31
Midsayap,37.7719,40.1398,38.0796,44.0433,0,42.5207,45.2872,39.255,35.8285,42.5385,909.22,564.96
Milagros,-,8.083,14.0586,6.2465,0,24.7229,26.2468,22.6191,26.5849,26.0351,380.99,236.73
Milaor,-,-,-,24.7537,0,29.5328,30.0142,25.7663,24.6782,17.2558,261.45,162.46
Mina,-,33.6401,27.3127,36.2079,0,37.351,42.044,38.3951,36.0425,39.5926,442.97,275.25
Minalabac,-,-,-,30.0763,0,28.5791,28.5246,25.6722,26.4849,28.4163,263.46,163.71
Minalin,-,30.6889,25.9054,35.0817,0,37.9544,36.4417,32.426,30.4994,30.5353,50.38,31.3
Minglanilla,27.8332,29.5846,29.4159,28.3844,0,39.2288,37.2493,30.0824,25.4171,27.0454,572.73,355.88
Mlang,31.2665,35.3494,31.4491,40.5088,0,39.1193,40.5947,35.2317,31.2521,34.1719,951.92,591.49
Moalboal,-,30.074,29.172,35.5115,0,39.5315,38.3119,37.2788,33.5597,30.778,579.28,359.95
Mobo,20.4275,24.7988,23.9356,37.0933,0,22.3461,25.7353,28.7978,27.1442,25.694,382.67,237.78
Mogpog,5.6419,29.4802,28.3646,35.4333,0,40.486,41.1845,34.0095,34.6092,31.765,155.93,96.89
Moises Padilla,-,-,-,29.3228,0,31.1719,32.5804,29.2075,31.2082,22.7239,527.61,327.84
Molave,32.3044,32.117,25.6648,36.8438,0,34.1049,36.9307,32.5043,27.8969,26.6813,772.34,479.91
Moncada,21.8305,21.5572,14.831,28.2099,0,32.382,34.7742,29.58,34.1415,32.0079,133.71,83.08
Mondragon,-,-,19.598,23.1818,0,34.1701,32.9945,26.8358,22.4534,26.4719,469.5,291.73
Monreal,17.9015,19.4043,8.4097,5.1685,0,6.1161,18.9225,21.5848,18.7463,22.4162,362.85,225.47
Morong (BN),25.2188,35.3512,29.9751,27.6802,0,39.1742,39.6381,29.0083,37.7354,36.4459,76.57,47.58
Morong (RL),-,32.138,22.678,40.2742,0,38.4031,38.7756,34.7968,35.2578,38.6382,29.85,18.55
Montevista,-,24.5817,27.7069,15.9482,0,42.7947,41.8598,38.3684,31.2821,30.2626,940.16,584.19
Motiong,-,0.5268,21.6362,32.0844,0,35.5624,36.0974,30.8369,25.7123,27.5156,535.61,332.81
Mulanay,20.777,26.8847,21.1993,32.251,0,33.9369,37.0534,32.2818,34.0726,35.2142,193.99,120.54
Mulondo,-,-,-,-,-,-,-,22.349,20.406,17.2769,826.53,513.58
Munai,-,4.7748,10.3571,6.4049,0,29.0041,33.2274,29.5966,22.8483,22.3911,804.71,500.02
Muntinlupa,38.3449,41.5284,37.874,45.4508,47.6475,45.7422,50.4908,48.0032,49.8209,49.5927,19.13,11.89
Murcia,22.6476,23.3874,22.6317,31.0901,0,32.8835,29.4719,27.5089,21.9702,21.7216,497,308.82
Mutia,-,-,19.4438,26.3998,0,30.7782,35.4748,35.4834,28.6717,33.3399,747.67,464.58
Naawan,-,31.7572,24.8942,31.3216,0,38.275,38.0717,32.4259,31.6163,28.5036,773.21,480.45
Nabas,-,-,-,33.1582,0,32.4558,38.1468,34.9298,28.3966,30.5129,321.92,200.03
Nabua,31.8508,29.2977,22.0577,35.7861,0,29.9292,32.5341,27.8308,25.0307,27.6928,289.85,180.1
Nabunturan,41.1126,35.1032,28.5642,38.8624,0,41.5704,39.2234,36.9669,34.9264,37.4369,948.22,589.19
Naga (CS),49.0752,57.7517,55.1845,54.1655,56.3046,51.5336,55.9921,53.022,52.8893,55.5809,266.6,165.66
Naga (CU),32.3983,37.0982,35.3412,33.7519,40.9209,36.4529,38.42,32.2565,30.95,32.0223,573.75,356.51
Naga (ZS),-,-,15.8265,9.5407,0,21.0367,32.1113,31.2456,26.671,28.8301,779.03,484.07
Nagbukel,-,16.9378,26.8986,32.3331,0,34.538,37.1396,34.4374,27.7638,27.5617,320.59,199.2
Nagcarlan,-,26.35,25.4311,34.8301,0,33.268,34.0157,32.912,30.7429,30.5772,69,42.88
Nagtipunan,-,-,16.2247,35.2713,0,38.1083,37.4775,32.0529,27.2254,32.3181,194.85,121.07
Naguilian (IA),-,-,17.1508,28.0353,0,33.8269,37.1107,31.2831,32.4135,32.3792,285.41,177.34
Naguilian (LU),32.9283,32.9265,28.8271,37.8616,0,37.2503,38.6261,34.6102,32.0489,36.2443,224.07,139.23
Naic,24.3276,31.0396,28.8453,37.722,0,39.4841,39.7427,34.6783,29.8176,32.4348,36.56,22.72
Nampicuan,-,16.0533,14.9246,30.4394,0,33.7151,36.3023,33.658,28.5333,28.2038,133.13,82.72
Narra,27.0404,32.4124,26.8022,38.6837,0,35.5229,36.1067,33.9875,27.1099,28.6207,653.74,406.22
Narvacan,22.0918,29.2485,29.6488,37.5703,0,36.8563,37.2474,32.8342,30.5377,31.2199,319.86,198.75
Nasipit,29.0177,42.3713,30.9736,43.406,0,41.9345,32.4944,36.7901,31.2902,30.9102,782.8,486.41
Nasugbu,29.7593,28.1127,26.4229,38.5397,0,34.4699,36.0024,27.4634,28.1892,28.3087,66.98,41.62
Natividad,-,30.3012,25.4257,35.2952,0,36.4479,38.4455,33.8906,32.3797,32.5133,162.15,100.75
Natonin,-,-,17.5422,24.8465,0,35.5814,33.2204,25.8246,26.2659,24.4701,279.23,173.51
Naujan,26.5864,30.0811,25.7608,36.5671,0,37.8798,38.5358,33.4331,30.6111,31.3638,144.34,89.69
Naval,28.7922,19.708,24.8257,37.6259,0,36.5559,36.4337,31.6302,27.8892,29.5317,499.94,310.65
Navotas,33.0886,30.4964,24.0706,34.6849,41.1638,35.6693,35.7576,30.9952,35.7285,35.0496,8.92,5.54
New Bataan,21.297,30.5192,22.3716,35.0168,0,35.9495,35.4174,33.1768,27.9276,29.4463,963.33,598.58
New Corella,-,22.4249,24.6057,37.3189,0,36.1786,35.3575,31.7865,24.9421,34.2951,938.93,583.43
New Lucena,-,15.8077,21.4497,33.5846,0,36.3658,35.8405,32.4404,31.8525,32.7739,447.59,278.12
New Washington,-,-,24.9798,33.4386,0,40.8907,41.2254,36.0207,31.7646,28.5221,363.88,226.1
Norala,21.0262,34.9041,30.7266,41.137,0,42.0157,42.2484,37.2764,35.5459,35.4369,981.39,609.81
Northern Kabuntalan,-,-,-,-,-,-,-,25.6929,24.1026,25.5024,901.9,560.42
Norzagaray,-,-,20.8758,32.4631,0,38.1141,35.9162,34.9012,28.3722,31.3002,37.35,23.21
Noveleta,-,38.7771,31.3911,39.1346,0,41.2383,42.6554,36.68,31.0828,34.2922,19.93,12.39
Nueva Era,-,-,25.75,29.7308,0,35.8794,36.0518,32.106,28.691,24.436,372.03,231.17
Nueva Valencia,21.6871,30.7325,27.4383,39.3271,0,39.6753,39.789,32.1848,30.6921,31.5575,482.59,299.87
Numancia,-,-,26.0715,32.7835,0,35.0081,34.9751,33.3074,30.5105,28.3728,352.08,218.77
Nunungan,-,4.7748,7.4621,6.2214,0,26.9964,28.2007,26.5081,25.5757,23.344,820.17,509.63
Oas,-,23.7547,20.8127,33.0961,0,31.6294,32.2436,26.3168,24.569,26.2698,309.9,192.57
Obando,-,-,13.3576,23.2194,0,25.9343,32.5878,28.9084,27.801,32.8261,15.16,9.42
Ocampo,-,5.4178,22.2047,30.6462,0,34.2865,29.8648,22.9669,27.2312,23.8,283.17,175.95
Odiongan,34.2321,34.2914,23.5162,37.3692,0,39.1633,39.4639,36.699,33.6232,38.2968,266.02,165.3
Old Panamao,-,-,-,-,-,-,-,-,12.0283,2.5209,957.9,595.21
Olongapo,23.3706,34.1382,30.682,37.9317,40.0103,33.5101,34.6469,29.5678,33.3199,35.4143,79.09,49.14
Olutanga,-,-,20.7708,31.1772,0,32.0285,34.3542,27.6466,24.7987,24.5481,826.5,513.56
Omar,-,-,-,-,-,-,-,27.3692,22.4369,21.5635,954.53,593.12
Opol,31.0739,31.1661,26.9092,33.977,0,36.5084,36.9247,32.9196,29.2055,28.5965,781,485.29
Orani,20.7637,28.8964,26.6069,31.6912,0,38.1678,39.0288,31.4149,32.567,34.869,52.1,32.37
Oras,-,0.8619,25.4693,27.8275,0,34.5155,35.2554,-,-,27.3327,554.04,344.27
Orion,25.7922,31.7023,27.6859,32.776,0,37.9587,37.9985,32.5238,31.0465,32.9888,42.56,26.44
Ormoc,31.4021,26.7526,37.1487,44.3854,43.402,42.6416,43.7386,41.2468,35.2494,38.7804,558.75,347.19
Oroquieta,27.6091,34.7566,34.4399,39.3113,41.2051,38.299,37.794,32.3854,29.2857,33.0302,742.38,461.29
Oslob,-,13.8599,19.1352,28.3364,0,38.0865,37.1586,30.0347,28.4067,21.1657,622.95,387.09
Oton,27.5903,30.5986,25.9828,37.1433,0,37.9358,38.9599,34.368,30.5498,31.2178,462.37,287.3
Ozamiz,32.9732,-,-,42.1375,44.253,40.9,39.9022,31.9063,27.8347,28.8763,782.34,486.12
Padada,-,24.2951,28.04,33.0856,0,39.149,36.3557,35.6363,34.7114,31.52,1002.17,622.72
Padre Burgos (QN),-,-,21.3843,33.9623,0,34.261,33.558,26.6546,29.8094,29.7873,118.12,73.39
Padre Burgos (SL),-,-,-,33.1209,0,17.7554,35.7759,32.9256,24.583,24.0738,671.32,417.14
Padre Garcia,-,25.1767,20.8224,33.6015,0,36.0935,36.2535,30.4104,24.4946,28.7854,82.5,51.27
Paete,-,-,25.3657,34.2727,0,36.5212,39.077,32.8053,33.799,33.4647,59.69,37.09
Pagadian,23.2911,36.9503,32.63,39.9882,41.6545,40.5734,43.3203,37.5866,32.1798,35.4134,797.54,495.57
Pagagawan,-,-,-,-,-,-,-,27.7893,26.1751,27.2056,938.54,583.18
Pagalungan,-,-,-,-,-,-,-,25.4667,25.7858,32.643,928.88,577.18
Pagayawan,-,-,-,-,-,-,-,29.0351,25.0311,22.1779,829.11,515.19
Pagbilao,11.7425,19.9927,29.4473,39.2233,0,35.0049,39.126,33.0918,30.4622,34.6065,102.74,63.84
Paglat,-,-,-,-,-,-,-,32.0271,23.8991,29.3219,959.84,596.42
Pagsanghan,-,-,-,32.3929,0,31.1769,33.4419,26.8272,16.0139,21.7866,500.84,311.21
Pagsanjan,-,41.1825,35.1143,43.9253,0,44.3044,45.7161,39.0918,35.0337,37.8813,62.18,38.64
Pagudpud,31.4704,39.9024,26.9472,34.4564,0,39.9409,39.7069,36.9625,36.0413,34.2812,443.07,275.31
Pakil,-,-,22.1813,37.4024,0,37.5848,42.0458,38.3801,30.8376,35.0839,58.69,36.47
Palanan,16.3978,23.3858,17.3153,28.264,0,27.6781,30.9784,25.6076,25.3381,25.7742,316.69,196.78
Palanas,-,-,-,30.5965,0,26.4066,29.3664,25.7794,22.401,21.0301,418.5,260.05
Palapag,-,-,20.5321,30.0986,0,30.9993,33.9671,32.2395,25.6068,24.6374,501.5,311.61
Palauig,-,-,14.4585,32.9529,0,34.0748,35.4574,28.6494,29.9923,25.7009,148.6,92.33
Palayan,22.8057,24.8129,12.2027,22.9287,28.8031,22.2105,26.6091,27.9497,30.2414,30.4744,107.64,66.89
Palimbang,-,21.9699,20.0839,20.5756,0,35.6074,35.7228,27.8611,19.2754,28.8828,979.96,608.92
Palo,-,0.905,20.0374,38.7489,0,41.7212,42.4559,36.5021,35.3756,35.5013,579.23,359.92
Palompon,-,-,27.1044,37.5577,0,34.7628,35.1527,31.8288,32.3864,29.9321,539.27,335.08
Paluan,-,19.9351,16.6116,24.6238,0,30.9494,26.2528,26.3267,22.8291,21.7302,141.01,87.62
Pambujan,-,-,19.8509,28.6741,0,24.6252,32.9893,23.0356,27.7637,28.8061,482.67,299.92
Pamplona (CG),-,-,9.3811,27.2469,0,30.5873,30.5013,28.6824,29.0121,29.2368,432.05,268.46
Pamplona (CS),-,-,-,28.5014,0,32.2201,28.3994,28.5564,26.1219,25.7213,253.48,157.51
Pamplona (NR),-,23.3526,22.4706,35.5034,0,36.8449,38.2949,28.5502,26.1095,25.9972,615.32,382.34
Panabo,30.2667,36.5138,31.4672,41.3361,44.77,44.5285,43.9306,39.324,37.2496,41.9092,958.31,595.47
Panaon,-,29.2403,25.8793,34.1613,0,36.2851,37.7309,34.1246,31.0714,33.5614,758.62,471.38
Panay,-,25.3602,12.6569,35.0163,0,39.6997,40.288,33.5428,31.4037,29.6478,390.07,242.38
Pandag,-,-,-,-,-,-,-,23.7711,20.4758,20.187,968.57,601.84
Pandami,-,-,-,-,-,-,-,-,4.1765,2.1286,1006.59,625.47
Pandan (AE),-,-,26.2549,34.3159,0,37.9533,37.8593,34.8169,33.5216,30.1112,342.05,212.54
Pandan (CT),-,28.5526,20.7867,9.2318,0,4.9793,5.163,28.1311,27.1942,25.1427,349.89,217.41
Pandi,-,-,26.4121,31.1062,0,38.6799,38.0032,32.8179,28.2203,32.4707,29.94,18.6
Panganiban,-,-,-,27.5626,0,28.9545,32.2821,29.2525,24.7186,25.9461,366.28,227.59
Pangantucan,-,27.012,23.6967,35.9117,0,35.9801,36.8751,31.6857,25.2186,26.1104,860.12,534.45
Pangil,-,-,26.6877,35.5001,0,38.4771,38.6374,32.8244,27.9334,24.9916,56.76,35.27
Panglao,-,20.6557,31.4854,39.6261,0,43.6382,43.9742,43.6799,39.39,36.4323,631.17,392.19
Panglima Estino,-,-,-,-,-,-,-,-,4.8776,1.7591,957.41,594.9
Panglima Sugala,-,-,-,-,-,-,-,28.912,24.8904,22.3856,1047.37,650.8
Pangutaran,-,-,-,-,-,-,-,-,5.6631,13.7111,922.46,573.19
Paniqui,37.6828,32.9809,24.6472,33.0113,0,36.4086,37.4384,31.3834,30.0464,30.7484,128.08,79.58
Panitan,-,-,-,28.408,0,37.2066,37.2832,27.5462,28.1959,25.3606,397.65,247.09
Pantabangan,26.8865,26.3989,16.2123,31.1477,0,32.8599,33.2782,30.4687,28.3882,21.4844,137.5,85.44
Pantao Ragat,-,25.5052,15.58,14.459,0,34.2599,26.8547,31.5032,24.5723,23.0703,807.51,501.76
Pantar,-,4.7748,17.5454,30.0493,0,22.4735,27.8519,29.8889,21.6643,16.0523,806.32,501.03
Pantukan,21.4541,28.6129,23.5002,15.3789,0,38.197,36.9972,34.9781,36.339,38.752,992.59,616.77
Panukulan,-,-,16.7411,30.5519,0,32.5151,33.4609,29.5989,29.1386,28.9388,106.28,66.04
Paoay,10.0206,39.159,32.2087,34.9299,0,39.7481,40.5682,36.8049,34.2284,32.2737,389.85,242.24
Paombong,-,-,15.7907,28.621,0,25.8815,37.3032,32.0658,31.5353,31.3378,34.78,21.61
Paracale,-,7.263,19.1593,32.1008,0,31.7531,35.4729,24.185,34.3697,31.53,198.07,198.07
Paracelis,-,24.897,16.1703,32.0718,0,35.219,33.1804,31.4649,27.9697,28.5021,304.01,188.9
Paranaque,42.7027,44.4285,37.2525,48.0031,44.1612,42.9512,43.4816,36.9221,38.7138,36.3001,12.99,8.07
Paranas,-,0.9537,14.4636,38.4312,0,30.4342,32.7054,27.9759,27.7636,29.197,538.55,334.64
Parang (MA),-,-,-,-,-,-,-,27.5902,33.1214,34.8142,879.47,546.48
Parang (SU),-,-,-,-,-,-,-,-,23.3534,14.1143,965.28,599.79
Pasacao,-,33.8102,22.0635,38.7287,0,37.0552,32.4745,24.9828,27.9641,26.8097,252.79,157.07
Pasay,42.6736,42.0647,36.9073,58.0956,58.4219,52.9623,58.6473,52.8006,57.0837,56.7826,4.79,2.98
Pasig,-,40.1793,50.609,50.2782,51.3841,46.9122,48.5923,41.4838,44.8071,44.5875,11.66,7.25
Pasil,-,27.9579,20.8694,28.7337,0,31.8345,35.6278,33.479,33.3859,36.7183,314.85,195.64
Passi,28.594,31.2652,28.4491,36.7703,40.9864,35.8897,39.234,34.1422,34.6313,33.9507,427.22,265.46
Pastrana,-,-,-,22.0171,0,29.2938,29.7654,28.1657,27.2755,29.0059,573.59,356.41
Pasuquin,-,37.3083,32.4434,35.0489,0,38.1842,37.6619,35.6645,34.5833,32.3147,419.02,260.37
Pata,-,-,-,-,-,-,-,-,4.1189,3.064,973.01,604.6
Pateros,26.3116,22.464,16.1277,35.5795,0,31.7151,35.007,29.3998,26.425,30.0623,10.61,6.59
Patikul,-,-,-,-,-,-,-,-,4.4068,21.1846,944.53,586.9
Patnanungan,-,-,16.0723,20.5115,0,27.2794,30.4015,24.2532,22.4355,19.9007,135.03,83.9
Patnongon,-,-,21.303,35.309,0,38.7488,40.4854,31.7013,31.8319,30.7351,422.75,262.69
Pavia,-,33.6352,25.3414,33.3229,0,38.301,40.5244,34.3751,31.931,35.0947,457.87,284.51
Payao,-,-,16.8846,7.864,0,8.5536,13.4481,21.2324,26.3629,25.6636,804.99,500.19
Penablanca,27.5141,29.9418,20.5838,37.3704,0,35.7654,37.3573,31.3767,28.8092,28.9293,354.26,220.13
Penaranda,-,31.1574,27.0278,37.3697,0,-,38.5023,31.7014,31.7349,27.3696,85.58,53.18
Penarrubia,-,-,-,33.3534,0,-,35.1928,32.8587,25.4258,31.0919,333.36,207.14
Perez,-,-,19.574,30.7274,0,29.5467,32.0367,28.7032,27.0683,31.2909,117.86,73.23
Piagapo,-,-,-,-,-,-,-,27.1638,29.4259,27.4083,808.68,502.49
Piat,-,-,26.5752,37.6024,0,39.4646,38.3108,32,27.8531,26.4585,360.85,224.22
Picong,-,-,-,-,-,-,-,23.0648,19.2644,15.3623,838.18,520.82
Piddig,-,-,26.8697,31.9881,0,37.9823,38.4394,33.7857,31.4452,31.478,399.35,248.14
Pigcawayan,-,-,-,-,-,-,-,31.913,29.9876,36.2953,895.11,556.2
Pikit,26.4673,29.2992,26.8303,38.663,0,37.5231,40.4591,34.5007,31.1819,33.4263,929.11,577.32
Pila,-,32.8739,30.0804,33.6775,0,34.5047,38.9433,32.918,29.704,31.1829,56.92,35.37
Pilar (AA),-,-,-,33.0409,0,30.6934,34.6116,34.351,23.6962,26.8189,316.39,196.59
Pilar (BL),-,24.9736,29.3648,36.6527,0,38.2001,39.8932,34.0892,32.0571,29.2363,642.89,399.47
Pilar (BN),21.4888,35.8529,26.6253,33.3263,0,42.6314,41.406,36.1639,35.623,34.3991,45.79,28.45
Pilar (CU),-,11.1278,17.2774,26.3348,0,37.461,38.5614,31.3401,19.5074,17.6722,575.33,357.5
Pilar (CZ),-,21.2066,11.3164,30.1035,0,37.5747,36.3986,29.5334,24.1477,26.447,408.21,253.65
Pilar (SN),-,29.0853,17.0758,32.2017,0,36.3455,37.7961,33.541,22.2639,24.0762,761.76,473.33
Pilar (SO),12.6454,18.5177,21.8581,30.7905,0,35.3314,35.244,31.5776,25.4297,32.4699,620.76,385.72
Pili,36.5473,35.8921,28.5276,34.7029,0,34.2354,37.3888,32.1938,25.5315,27.8761,273.11,169.7
Pililla,29.8992,31.8444,27.7962,38.4815,0,37.7835,37.4912,32.9738,32.0747,32.1529,38.42,23.87
Pinabacdao,-,-,18.9674,29.8976,0,30.8011,32.8207,25.7881,25.0124,24.1345,547.62,340.28
Pinamalayan,36.377,34.7506,28.8106,38.45,0,21.4993,38.8436,33.7769,30.3846,34.9609,180.61,112.23
Pinamungajan,-,11.2922,18.8208,32.0928,0,34.5094,37.6388,32.1298,30.6856,30.8882,556.81,345.99
Pinan,-,29.5831,24.6463,35.245,0,-,37.5738,33.9159,31.5322,28.7775,735.42,456.97
Pinili,-,-,19.3965,32.2432,0,34.0162,36.2185,32.1528,28.1624,27.31,378.49,235.18
Pintuyan,-,-,-,24.2243,0,22.1604,17.2775,22.5065,19.4177,23.4426,694.03,431.25
Pinukpuk,28.4334,29.4947,14.571,34.7866,0,33.9962,32.5997,30.9561,21.7662,24.1246,340.36,211.49
Pio Duran,27.1844,32.0763,24.2872,35.9981,0,32.8599,33.7864,26.7507,24.1244,23.5369,317.85,197.5
Pio V Corpuz,-,-,-,31.8126,0,33.1688,31.5124,28.3519,19.5462,19.6755,448.27,278.54
Pitogo (QN),-,-,24.3409,35.518,0,34.9209,35.0778,30.6408,31.6623,31.7593,150.55,93.55
Pitogo (ZR),-,-,18.3289,32.3833,0,32.9587,35.7041,33.5221,29.7978,28.968,834.12,518.3
Placer (MS),-,14.3672,6.6415,3.9264,0,28.1497,31.1,21.6151,19.8463,30.7106,439.89,273.33
Placer (SN),-,27.9188,25.2839,26.6144,0,32.7954,35.0503,31.1747,24.2557,24.2529,744.67,462.72
Plaridel (BU),21.3656,31.1175,30.2686,32.4055,0,42.8256,40.8583,36.0746,32.1796,38.2104,34.55,21.47
Plaridel (MC),-,33.1,28.5402,39.3188,0,38.555,40.3715,35.6821,33.1953,32.0181,728.24,452.51
Plaridel (QN),-,-,20.3037,32.4035,0,35.9236,38.1832,32.5736,29.1057,34.0969,133.55,82.98
Pola,-,27.0927,19.4056,32.798,0,23.2809,19.9998,26.004,29.649,26.7017,169.13,105.09
Polanco,-,-,20.3669,16.7191,0,35.7749,35.8128,33.0446,31.1887,32.6148,723.72,449.7
Polangui,37.0723,39.3468,29.5926,39.9755,0,38.4734,39.4398,34.1938,34.0922,28.8254,306.35,190.36
Polillo,-,25.8411,21.2057,35.7443,0,36.2777,38.5941,31.9792,31.8607,34.6822,104.81,65.13
Polomolok,38.8383,40.1197,36.5085,45.6214,0,44.4132,44.7094,40.3587,34.1961,37.5066,1031.8,641.13
Pontevedra (CZ),22.3406,23.308,14.0281,37.4878,0,40.0996,39.887,34.5114,30.8811,31.0489,397.17,246.79
Pontevedra (NO),-,-,21.9652,31.8989,0,40.887,40.8261,33.6746,33.3074,30.8079,513.18,318.87
Poona Bayabao,-,-,-,-,-,-,-,24.0371,24.2344,10.9218,833.74,518.06
Poona Piagapo,-,4.7748,7.1959,29.7414,0,20.1026,25.6397,22.8209,18.1347,18.1698,798.87,496.39
Porac,17.369,16.3891,22.1923,33.9484,0,38.3871,38.3257,34.9566,31.0034,31.7589,71.44,44.39
Poro,-,16.47,26.5154,31.8865,0,40.6066,41.3955,34.5389,25.692,28.7188,576.23,358.05
Pototan,21.8044,22.7799,21.0658,33.6916,0,35.3806,36.5616,31.5958,29.9729,32.7802,443.03,275.29
Pozorrubio,18.4673,27.5634,26.8043,34.6916,0,36.308,38.8212,34.59,36.7042,33.3823,176.18,109.48
Presentacion,-,-,11.6819,28.8993,0,31.5417,35.9803,27.7511,28.4388,25.933,314.02,195.12
President Garcia,-,16.985,22.217,34.1933,0,36.2946,33.4587,31.2329,31.0818,23.6008,633.11,393.4
President Quirino,21.5871,34.5731,30.8167,35.73,0,41.3412,39.8434,34.1889,31.0159,31.3627,967.92,601.44
President Roxas (CZ),19.5231,28.2201,15.3661,34.7218,0,31.8457,24.8249,25.5219,19.652,25.4087,410.27,254.93
President Roxas (NC),9.4795,31.2096,26.5201,37.5429,0,36.1701,37.5505,31.878,29.3966,34.0722,939.68,583.89
Prieto Diaz,-,-,-,26.4327,0,31.5456,29.4196,13.9348,22.9981,25.9744,387.4,240.72
Prosperidad,34.2521,31.7641,25.8011,36.1824,0,36.7679,36.8498,32.4861,30.4105,33.7588,855,531.27
Pualas,-,-,-,-,-,-,-,16.8482,19.2557,11.2636,824.46,512.29
Pudtol,-,30.7976,23.3095,34.9771,0,36.3336,35.7799,31.5858,26.3185,24.4759,408.44,253.79
Puerto Galera,34.4647,33.0444,25.9874,35.9676,0,19.2854,38.3687,33.0593,30.5852,31.1131,120.17,74.67
Puerto Princesa,29.0412,32.6239,29.3328,39.3196,42.1689,17.8979,38.6992,35.7485,38.8987,41.6592,590.59,366.97
Pugo,-,-,14.052,33.4911,0,36.1817,40.3774,40.9695,34.5692,38.7768,200.96,124.87
Pulilan,20.6615,19.8308,22.481,30.1395,0,41.13,40.4181,35.474,32.8206,36.9055,38.08,23.66
Pulupandan,-,20.6238,10.2831,14.7781,0,33.9442,33.0086,30.1435,29.4769,27.6086,494.96,307.55
Pura,-,26.8351,20.8366,34.6091,0,36.273,37.573,32.4373,36.4539,34.0931,120.97,75.17
Quezon (BK),30.4271,29.8654,28.1781,37.7372,0,38.2116,40.4015,34.3488,29.797,32.1848,886,550.53
Quezon (IA),-,22.7366,22.0617,33.5823,0,38.5722,38.9547,30.869,32.7529,28.5653,309.63,192.39
Quezon (MM),33.3118,51.1031,57.155,64.7919,63.0887,66.1689,100,59.309,58.4528,61.8475,10.38,6.45
Quezon (NE),-,-,-,12.5653,0,37.038,36.8004,31.0645,28.7787,25.4158,108.05,67.14
Quezon (NV),-,24.3252,20.6875,24.6675,0,35.1674,36.1402,29.9633,29.8741,30.112,213.1,132.41
Quezon (PN),5.8069,21.2489,24.3147,36.8227,0,16.998,34.2659,29.8241,23.6854,32.1255,675.73,419.88
Quezon (QN),-,-,15.5927,27.5665,0,28.0008,34.1865,30.1058,29.2552,35.1755,101.37,62.99
Quinapondan,-,-,-,27.3675,0,31.823,35.3558,31.5586,28.212,26.0974,622.73,386.95
Quirino (IA),-,28.4665,25.129,35.3852,0,35.4838,38.394,29.86,25.1218,28.0542,294.19,182.8
Quirino (IS),-,24.5632,22.7717,32.1853,0,35.8358,35.43,30.062,25.5682,24.8738,284.52,176.79
R.T. Lim,-,9.3948,7.9641,3.8029,0,21.3443,29.088,19.8796,18.1726,20.3903,797.53,495.56
Ragay,26.2337,22.5502,10.5414,34.0302,0,32.5298,32.9199,28.3234,24.9524,25.7485,213.36,132.58
Rajah Buayan,-,-,-,-,-,-,-,29.0885,25.6625,26.0625,939.03,583.49
Ramon,-,26.8888,17.172,29.5043,0,35.8333,35.4313,30.7807,26.6369,29.0199,251.94,156.55
Ramon Magsaysay,-,30.6653,26.9224,30.4132,0,36.5977,38.9965,34.3032,31.9552,30.0228,777.98,483.41
Ramos,-,-,16.9767,30.4962,0,35.0258,38.8511,33.5799,28.3993,27.6911,125.81,78.18
Rapu-Rapu,-,-,-,-,-,23.7055,25.3183,23.6596,20.9127,22.0385,373.95,232.36
Real,23.7192,28.5778,22.2514,32.6628,0,35.6715,36.4392,30.4025,29.5996,32.1523,68.26,42.42
Reina Mercedes,-,29.3092,22.695,32.4381,0,37.5026,37.9623,32.9366,32.7176,34.7263,282.61,175.61
Remedios T. Romualdez,-,32.7282,23.7145,34.2266,0,33.8295,36.7269,35.7681,27.0984,30.4978,793.83,493.26
Rizal (CG),-,-,11.1983,27.6225,0,36.6536,36.1183,30.6841,20.009,28.7169,363.72,226.01
Rizal (KA),-,29.4203,28.9027,22.8921,0,35.0406,36.7954,32.6418,27.2134,25.2603,329.82,204.94
Rizal (LA),-,-,12.5916,37.2513,0,36.761,37.5293,33.9127,29.8083,32.981,70.53,43.83
Rizal (NE),-,28.2948,23.7779,21.3981,0,36.7163,35.9582,29.0793,30.5715,28.5247,124.72,77.5
Rizal (OM),21.4471,25.3218,22.2426,30.4567,0,20.4238,29.7074,32.4763,30.393,30.5871,237.52,147.59
Rizal (PN),-,16.7508,24.5689,32.208,0,21.7851,28.4896,28.6054,25.2185,24.173,767.34,476.8
Rizal (ZN),-,-,17.0906,21.5494,0,32.0171,35.5392,34.1847,25.7184,29.1612,716.19,445.02
Rodriguez,34.3846,32.2602,36.074,45.8327,0,46.5863,45.4385,38.1835,31.0749,36.7747,23.99,14.91
Romblon,9.2592,27.7947,19.7785,35.299,0,24.8846,42.1499,35.4185,33.8888,28.8703,267.08,165.96
Ronda,-,20.0612,23.3002,27.8825,0,39.7381,44.1448,40.5739,31.3801,37.3662,574.12,356.74
Rosales,15.0807,31.9959,29.7043,34.2356,0,35.2121,38.5717,35.317,28.0997,29.5135,148.72,92.41
Rosario (AS),-,21.3124,18.8029,30.9857,0,35.0444,34.2854,31.0647,23.9068,28.261,887.38,551.39
Rosario (BS),-,30.9071,27.9773,39.8476,0,36.0341,37.9349,35.7876,31.1023,37.3971,110.31,68.55
Rosario (CE),26.1808,33.2735,27.9696,41.9769,0,39.6072,41.9816,37.5825,32.2876,38.6744,23.17,14.4
Rosario (LU),13.3056,26.3202,25.7524,35.4852,0,37.042,39.0389,36.6556,33.1123,36.0496,189.06,117.47
Rosario (NS),-,-,19.8102,31.6681,0,16.185,22.8599,25.0696,14.7422,20.6139,438.63,272.55
Roxas (CZ),28.5283,36.3774,18.9123,36.3003,39.4406,35.0113,36.9422,31.9603,33.5224,35.5402,382.06,237.4
Roxas (IA),30.925,33.5108,25.4475,36.6782,0,36.8828,38.0232,31.4439,28.0082,30.6082,288.64,179.35
Roxas (OR),33.0801,31.1402,23.4227,29.7398,0,19.0806,38.0981,33.4271,27.3173,31.2999,231.12,143.61
Roxas (PN),23.5027,27.0155,23.4564,35.119,0,30.0707,34.1101,31.1784,30.4385,30.4476,507.73,315.49
Roxas (ZN),-,38.0496,28.7579,36.3397,0,41.3596,49.3581,47.5604,29.7616,30.7921,719.83,447.28
Sabangan,-,32.0494,24.8422,27.8559,0,33.2276,33.6137,32.1826,23.351,25.0136,265.74,165.12
Sablan,27.716,33.2186,29.3295,34.4963,0,35.4367,40.8783,37.9763,32.0087,37.3613,219.18,136.19
Sablayan,31.9324,33.8178,24.8504,36.5447,0,39.5528,36.9409,34.9456,32.8417,33.3889,194.62,120.93
Sabtang,-,-,10.5405,33.0965,0,32.8625,34.4559,28.0499,21.3811,23.1924,646.61,401.78
Sadanga,-,-,15.1592,21.5881,0,28.8395,31.204,28.5811,25.3021,21.6436,287.46,178.62
Sagada,-,8.7446,23.45,33.2717,0,33.6038,37.3137,36.0964,33.8869,36.0565,278.58,173.1
Sagay (CM),-,30.4464,26.7518,37.2461,0,36.4524,41.5676,38.7942,34.8186,35.7279,736.01,457.34
Sagay (NO),31.2678,37.6,29.521,38.1211,40.477,37.1603,36.1801,31.762,31.005,31.2352,489.57,304.21
Sagbayan,-,14.7044,25.1513,34.6054,0,37.2094,38.9655,35.3216,26.298,29.7809,619.88,385.17
Sagnay,-,14.8246,23.364,36.6192,0,-,32.3046,29.0464,30.9046,25.7686,295.49,183.61
Saguday,-,-,23.2003,31.7391,0,37.4422,41.9067,35.7162,32.6398,34.6896,226.7,140.86
Saguiaran,-,-,-,-,-,-,-,22.6703,25.6604,22.4538,811.81,504.43
Saint Bernard,-,-,17.7241,36.526,0,35.0511,29.3958,29.3769,30.5278,29.2845,655.84,407.52
Salay,-,27.5852,26.1803,32.5398,0,39.3013,39.3675,35.9885,37.956,35.4201,759.5,471.93
Salcedo (ES),-,-,24.1416,34.7523,0,32.1319,37.8495,37.5449,31.3626,31.5271,636.69,395.62
Salcedo (IS),-,-,16.6754,35.03,0,35.6905,34.9237,32.2181,26.8628,25.4591,287.43,178.6
Sallapadan,-,-,-,23.1835,0,26.6626,32.1109,29.7024,22.7697,25.9675,319.21,198.35
Salug,-,-,21.97,32.0006,0,31.9963,35.5985,31.9422,27.6544,24.2739,745.62,463.31
Salvador,-,4.7706,12.8616,32.7234,0,35.9787,38.1626,34.5637,29.1481,31.3896,803.38,499.2
Salvador Benedicto,-,-,11.8926,19.1423,0,31.338,31.1701,28.1096,25.3763,23.4891,507.7,315.47
Samal,24.6534,36.6431,26.1969,29.4434,0,42.4597,41.5536,35.6045,36.252,32.8004,50.89,31.62
Samboan,-,25.2336,24.2667,34.4587,0,37.3135,41.5869,34.0991,25.6614,26.0611,616.06,382.8
Sampaloc,-,-,26.2193,34.1874,0,36.7793,41.4183,35.3671,35.0113,41.4185,85.38,53.05
San Agustin (RN),-,24.8986,17.5637,36.8442,0,40.371,39.1094,34.2898,27.4829,30.7601,258.36,160.54
San Agustin (IA),-,-,16.9113,30.9501,0,35.0502,35.9488,28.6539,24.6521,26.0069,227.44,141.33
San Agustin (SS),-,31.6231,26.6716,22.3982,0,36.9824,37.9727,33.1807,26.2118,29.3041,866.05,538.14
San Andres (CT),16.9032,26.932,25.1839,34.6081,0,36.0114,35.8386,30.2708,27.0076,24.6379,354.55,220.31
San Andres (QN),-,-,17.7557,33.7335,0,33.1392,37.169,31.7006,27.9063,29.0999,227.97,141.65
San Andres (RN),-,-,-,-,-,-,33.2799,31.8613,26.7789,28.9009,247.42,153.74
San Antonio (NE),18.5513,27.8985,21.2432,29.4008,0,31.6073,31.7846,32.2034,25.5925,25.2551,79.63,49.48
San Antonio (NS),-,7.1065,18.6325,26.7434,0,15.9068,12.2754,25.3962,29.4382,30.642,431.96,268.41
San Antonio (QN),-,-,26.8938,36.0028,0,40.2538,41.5376,35.4872,34.0513,32.85,87.1,54.12
San Antonio (ZA),-,29.199,20.6619,36.4753,0,35.7088,35.307,30.643,31.5287,33.5833,102.93,63.96
San Benito,-,22.741,16.321,27.386,0,30.096,34.5964,32.8479,23.8632,28.4177,750.36,466.25
San Carlos (NO),28.4412,29.1624,21.6711,37.7587,41.9157,38.5736,36.5393,32.2549,34.9859,30.7979,528.81,328.59
San Carlos (PS),-,25.5956,20.1325,38.7126,42.2676,39.3396,39.4846,35.3829,36.3571,31.514,161.2,100.16
San Clemente,-,-,20.0976,31.9776,0,33.6934,37.5288,33.1274,29.5505,32.1857,141.92,88.18
San Dionisio,-,12.3343,17.0838,31.0573,0,36.7922,38.4519,32.48,27.4903,23.5958,429.03,266.58
San Emilio,-,17.8295,18.7315,34.3512,0,34.1183,35.1493,30.8344,24.707,22.0304,296.5,184.24
San Enrique (IO),-,28.1661,23.2635,33.3226,0,34.7935,37.2149,33.7393,26.2043,29.1561,431.84,268.33
San Enrique (NO),-,11.5243,24.2519,24.6682,0,32.5462,33.1309,29.059,23.9548,21.8699,507.73,315.49
San Esteban,-,25.4208,23.7955,34.6107,0,35.8045,39.3385,37.8241,35.6236,38.1753,310.66,193.04
San Fabian,-,28.8791,26.2553,32.3976,0,34.7106,35.7725,33.3741,27.9153,30.3121,181.61,112.85
San Felipe,-,32.9042,21.2785,37.3785,0,42.3263,40.2583,34.7003,33.0956,37.7334,110.83,68.86
San Fernando (BK),-,22.0927,23.9979,36.0371,0,35.77,36.4667,33.546,29.2864,27.5131,881.03,547.45
San Fernando (CS),-,-,23.1284,35.0589,0,35.7242,36.0265,20.8799,28.9846,31.2642,260.34,161.77
San Fernando (CU),-,25.376,19.2569,31.457,0,34.6408,37.7104,32.0733,24.8799,28.7472,574.82,357.17
San Fernando (LU),37.9913,42.8639,40.9701,45.1122,45.4063,42.8152,45.1553,40.1135,42.2916,44.0763,235.66,146.43
San Fernando (MS),-,10.1445,4.8705,25.9031,0,22.854,27.5788,31.3209,18.3496,22.9681,378.55,235.22
San Fernando (PA),38.5921,48.3223,48.3339,49.4784,51.2478,52.4571,51.9695,45.6315,43.7741,44.2393,57.08,35.47
San Fernando (RN),17.3711,21.5618,16.8552,33.8896,0,39.0739,39.8965,37.4441,30.719,32.0945,314.28,195.29
San Francisco (AS),33.752,35.8862,31.2059,37.4607,0,39.7037,40.0837,37.3052,34.0864,35.764,872.33,542.04
San Francisco (CU),-,10.7758,10.0356,33.6555,0,37.2831,36.9414,35.1782,34.4601,33.358,573.68,356.47
San Francisco (QN),-,19.4145,20.2308,26.6213,0,26.3292,32.4618,26.1371,21.9759,27.7353,216.64,134.62
San Francisco (SL),-,-,7.9706,28.4751,0,15.5055,21.719,21.5965,11.6053,10.3055,216.64,134.62
San Francisco (SN),-,25.9354,14.7008,17.4943,0,17.0111,33.6428,32.3754,24.8323,29.538,745.92,463.49
San Gabriel,-,-,19.4587,33.5053,0,38.5854,38.6993,34.0266,29.7644,28.5061,240.57,149.49
San Guillermo,-,-,22.7227,29.9392,0,34.461,37.299,31.5126,33.0901,30.068,267.59,166.27
San Ildefonso (BU),18.7681,25.6727,22.1242,25.0471,0,30.2632,29.9153,30.226,29.6005,31.428,53.89,33.49
San Ildefonso (IS),-,23.9121,26.0266,36.2377,0,34.9544,37.5366,34.7258,30.2169,33.5709,342.68,212.93
San Isidro (AA),-,-,-,22.5725,0,24.0414,26.4675,-,10.8849,21.9329,321.74,199.92
San Isidro (BL),-,23.6287,20.8316,34.8986,0,34.6953,35.7331,32.3672,19.6446,25.9439,617.99,384
San Isidro (DN),-,12.1878,18.2954,31.1079,0,31.9592,33.1591,32.9833,27.1225,33.4248,957.29,594.83
San Isidro (DO),-,22.8265,26.1549,38.6824,0,36.593,41.5241,34.8475,33.4834,29.7032,1029.93,639.97
San Isidro (IA),-,26.3578,15.9492,28.206,0,31.4509,35.9678,29.9679,29.0882,33.4877,248.04,154.13
San Isidro (LE),-,-,15.7977,36.4444,0,36.7558,38.1265,32.1855,25.8369,21.6695,557.86,346.64
San Isidro (NE),-,-,-,16.8647,0,20.4214,26.2911,27.3564,26.9275,27.0431,79.85,49.62
San Isidro (NS),-,-,23.1714,36.7676,0,36.7945,13.9059,31.2197,26.3083,29.6885,437.88,272.08
San Isidro (SN),-,22.6143,25.0142,30.4643,0,33.0346,34.6852,32.3146,23.7676,29.4384,757.32,470.57
San Jacinto (MS),13.5697,15.1368,21.0131,6.4771,0,23.7925,25.2821,30.0018,23.7913,23.35,373.5,232.08
San Jacinto (PS),-,-,14.5073,21.167,0,33.4102,35.3958,31.6483,22.1998,18.1612,174.36,108.34
San Joaquin,-,18.7289,18.5642,34.074,0,35.1249,37.4498,33.0617,30.1886,31.7081,461.97,287.06
San Jorge,-,-,20.0799,31.6605,0,29.7467,31.9238,26.2809,15.1351,19.1967,506.41,314.67
San Jose (AE),33.0885,38.6861,31.3557,19.6014,0,40.8462,41.976,35.211,31.6004,34.1215,434.9,270.24
San Jose (BS),-,25.8966,25.0339,37.7377,0,36.669,37.143,34.7381,27.9429,33.5795,79.93,49.67
San Jose (CS),20.397,30.0878,25.8751,33.0489,0,35.718,35.1456,25.2169,27.7404,15.9543,271.26,168.56
San Jose (DI),26.4905,36.0013,26.4081,35.7061,0,40.267,41.0404,37.1238,35.8084,33.7897,713.25,443.19
San Jose (NE),33.4236,35.7017,34.44,40.7936,41.1393,37.1481,37.6725,31.6222,33.7013,32.3138,133.09,82.7
San Jose (NR),-,30.8328,19.204,34.4439,0,34.8342,36.9093,34.6134,24.6115,26.494,626.47,389.27
San Jose (NS),-,-,-,24.8589,0,23.3206,13.4561,34.1755,23.7042,24.7525,481.99,299.49
San Jose (OM),31.3582,33.8215,27.877,42.8137,0,42.6918,42.3316,37.1943,35.3461,36.3624,249.47,155.01
San Jose (RN),-,-,-,-,0,30.0248,31.6076,29.8118,27.1556,31.2101,299.51,186.11
San Jose (TC),-,-,17.777,33.047,0,34.213,34.843,29.4749,30.3176,27.5387,110.49,68.65
San Jose De Buan,-,-,-,24.4755,0,29.5233,32.4157,23.5692,22.2927,22.1175,520.72,323.56
San Jose Del Monte,29.3229,37.4493,37.1705,40.7746,42.7779,46.7029,47.7462,39.6859,37.0808,40.5796,29.32,18.22
San Juan (AA),-,13.0141,23.011,24.9461,0,32.4432,34.7253,33.1107,25.7573,30.9734,347.47,215.91
San Juan (BS),-,32.6135,29.5454,38.9085,0,38.6919,40.0743,33.5432,28.619,35.6913,96.78,60.13
San Juan (IS),-,31.0968,26.9437,36.7488,0,38.9267,38.8892,34.5066,32.7555,30.9286,354.35,220.18
San Juan (LU),13.1216,34.0582,26.5614,36.1366,0,34.6074,35.3931,34.0403,32.1783,33.7455,240.7,149.56
San Juan (MM),-,32.0502,32.3726,35.4004,43.8474,34.5497,35.2588,29.5766,35.4075,34.1455,0.7,0.44
San Juan (SL),-,-,13.5148,26.0276,0,33.3256,28.6967,29.1135,30.3796,34.5649,664.46,412.88
San Juan (SR),-,29.8506,24.9548,36.7603,0,36.1137,37.1257,32.79,29.9447,31.1947,671.06,416.97
San Julian,-,-,8.2563,19.5689,0,30.4201,34.0193,24.8222,21.1663,23.7205,578.17,359.26
San Leonardo,27.9492,27.5986,18.5526,33.3028,0,36.63,37.1,31.7574,26.5654,27.9988,87.04,54.09
San Lorenzo,-,20.0889,17.6862,32.0842,0,35.8083,37.806,32.1496,38.9911,37.0437,480.09,298.32
San Lorenzo Ruiz,-,-,-,-,-,27.6096,30.2608,29.1975,25.0028,31.4869,213.92,132.92
San Luis (AS),12.6958,23.2187,13.8184,30.1969,0,32.8574,35.1788,29.7034,24.667,26.4588,836.42,519.73
San Luis (AU),33.5597,32.2978,26.2748,35.4144,0,35.3375,36.8465,32.7136,28.5697,30.4949,137.77,85.61
San Luis (BS),-,-,19.8639,32.43,0,36.8549,38.8969,32.6474,27.9759,29.3799,84.74,52.65
San Luis (PA),-,-,18.1488,29.0795,0,35.3582,38.8675,33.3293,30.7823,29.1483,53.37,33.16
San Manuel (IA),-,22.3986,9.7859,35.0841,0,37.2684,39.4597,31.8595,30.5892,28.6364,279.48,173.66
San Manuel (PS),12.997,22.0871,18.7206,35.4149,0,32.0682,36.7301,33.3271,31.5083,32.3638,166.75,103.61
San Manuel (TC),-,-,19.7639,25.7581,0,28.1632,34.7708,28.9091,35.7539,34.7933,139.69,86.8
San Marcelino,22.1713,23.6376,10.4543,24.3581,0,33.8757,36.2682,31.5156,28.9885,34.1681,98.26,61.06
San Mariano,16.1368,29.6609,20.894,31.4682,0,38.293,35.7167,31.8642,30.6322,30.9534,289.2,179.7
San Mateo (IA),34.0418,35.1696,27.3949,37.041,0,38.7099,37.9596,31.4959,29.222,32.5028,262.46,163.09
San Mateo (RL),36.6756,36.0279,34.0373,44.8201,0,46.9108,48.3451,46.7744,39.3832,43.3141,18.67,11.6
San Miguel (BL),-,26.3332,25.4617,33.817,0,37.6018,38.1799,31.8558,33.1098,27.9159,629.13,390.93
San Miguel (BU),16.5687,16.3257,22.7364,30.3814,0,35.101,38.6915,30.0261,23.6476,29.0163,61.25,38.06
San Miguel (CT),-,-,-,-,0,31.7491,32.5394,28.5984,22.7393,24.2087,373.69,232.2
San Miguel (IO),-,28.6779,26.2364,33.1561,0,36.8143,40.9904,34.336,32.9702,28.5946,453.74,281.94
San Miguel (LE),-,-,-,25.6465,0,31.1165,33.8967,29.7721,31.1404,29.1071,541.2,336.28
San Miguel (SS),28.5163,27.8903,24.877,27.4353,0,31.5692,34.8484,27.8565,28.1669,31.1323,836.46,519.75
San Miguel (ZR),-,-,19.2976,24.6681,0,30.7034,33.684,27.3068,25.5831,26.4233,811.76,504.4
San Narciso (QN),-,27.6586,25.1657,37.7207,0,36.0676,37.1706,31.0262,27.8848,26.8546,159.35,99.01
San Narciso (ZA),-,-,-,-,0,36.9223,37.0361,31.8087,33.4039,30.6088,107.21,66.62
San Nicolas (BS),-,-,11.709,24.427,0,32.4945,36.5641,32.4487,25.5462,30.5174,75.43,46.87
San Nicolas (IN),36.624,35.5729,28.7567,36.8038,0,36.1803,37.9394,35.2052,31.7553,34.3003,400.18,248.66
San Nicolas (PS),14.4483,29.649,25.8244,35.455,0,34.6641,37.0448,33.5518,28.6596,30.3624,165.69,102.95
San Pablo (IA),-,-,15.4547,28.4516,0,33.9578,33.7957,25.7774,27.6109,30.4632,329.26,204.59
San Pablo (LA),35.0381,38.7461,39.1243,43.6362,44.6696,42.5055,44.1909,36.2698,36.4232,38.787,69.19,42.99
San Pablo (ZR),-,-,19.7165,22.4115,0,33.22,35.7382,30.8474,28.9717,25.8538,817.36,507.88
San Pascual (BS),-,25.3655,23.2921,34.7285,0,36.5577,38.2242,32.4342,25.3675,30.409,90.29,56.1
San Pascual (MS),-,5.6605,3.7619,1.6051,0,23.6466,24.4007,20.4194,-,12.3634,269.78,167.63
San Pedro,31.5687,36.5363,42.7255,43.0128,45.5477,43.8476,46.1433,39.6415,38.3761,41.2047,25.16,15.64
San Policarpo,-,-,15.0749,26.7467,0,30.6576,32.0269,29.1451,22.7695,23.9801,558.35,346.95
San Quintin (AA),-,-,-,28.1632,0,33.0186,32.822,-,12.6726,25.5807,331.42,205.93
San Quintin (PS),-,-,16.2618,37.3225,0,36.5244,39.41,35.7557,35.1041,33.4233,155.51,96.63
San Rafael (BU),29.8756,26.8862,18.9397,29.5436,0,36.3377,36.0289,32.7928,33.8996,34.8552,48.11,29.89
San Rafael (IO),-,11.2248,17.9215,28.6657,0,35.873,34.5891,27.4716,24.1191,24.1384,460.98,286.44
San Remigio (AE),-,-,-,-,0,32.4214,36.6959,31.0566,22.3552,30.1984,429.2,266.7
San Remigio (CU),-,27.0255,26.1124,39.7015,0,46.2539,47.0534,40.832,38.3069,37.5679,505.36,314
San Ricardo,-,-,-,27.9375,0,30.1845,21.0329,22.6029,20.4659,19.041,698.88,434.27
San Roque,-,-,19.9796,35.437,0,37.0891,37.0828,32.2613,33.8461,31.7733,478.86,297.55
San Sebastian,-,-,-,23.8939,0,28.5912,28.6147,23.522,20.7606,22.093,545.61,339.02
San Simon,-,35.8138,33.1588,42.7243,0,44.6539,43.8614,38.6103,37.5042,36.3303,50.52,31.39
San Teodoro,22.3519,27.0263,19.392,30.0925,0,34.0232,34.4286,31.6388,30.7571,28.3211,127.45,79.19
San Vicente (CN),-,-,-,-,0,27.9364,31.2322,29.7177,27.3386,28.0962,211.25,131.26
San Vicente (IS),-,25.2629,26.6865,35.7753,0,36.0787,40.8073,37.6972,29.1849,34.501,339.65,211.05
San Vicente (NS),-,-,13.4742,23.6877,0,23.6427,13.4904,21.9687,16.0118,19.6087,419.37,260.59
San Vicente (PN),-,21.954,27.8026,34.9387,0,33.0436,33.1443,31.2443,28.2573,27.1012,490.04,304.49
Sanchez-Mira,-,38.8876,25.1419,38.2464,0,40.1157,40.9279,35.4345,35.08,33.7215,442.92,275.22
Santa,-,-,27.8487,37.484,0,37.4689,37.0934,33.7332,30.6115,30.6578,327.96,203.78
Santa Ana (CG),-,16.5218,21.2243,35.6664,0,28.3274,26.0134,23.4934,26.4702,31.7751,447.69,278.18
Santa Ana (PA),-,-,5.1695,29.2913,0,34.7862,41.2784,34.4416,33.292,32.6761,60.08,37.33
Santa Barbara (IO),-,40.1746,31.4576,38.8362,0,40.8497,42.4163,37.95,33.596,35.8242,451.54,280.57
Santa Barbara (PS),-,30.2423,25.4893,27.6428,0,34.7288,36.575,33.3797,29.0058,32.9404,167.89,104.32
Santa Catalina (IS),-,21.9105,24.23,34.8209,0,37.3917,41.252,41.9524,30.8136,40.1541,339.34,210.85
Santa Catalina (NR),23.3975,21.9219,18.5145,32.1964,0,34.0165,31.9891,30.2953,25.7098,22.1126,627.83,390.12
Santa Cruz (DS),32.2967,32.3252,23.8557,32.6109,0,37.4003,34.7582,32.5165,29.4499,30.9434,989.61,614.92
Santa Cruz (IS),32.3649,31.357,25.7432,36.8354,0,34.8303,35.1449,34.3249,27.5303,32.6872,282.46,175.51
Santa Cruz (LA),34.4549,35.8012,22.8291,39.8949,0,37.7884,38.7913,35.9009,32.7122,35.0204,37.3,23.17
Santa Cruz (ME),29.5568,31.8226,26.4233,36.3366,0,36.6569,35.2188,31.2929,30.1848,30.259,168.19,104.51
Santa Cruz (OM),18.9473,23.2852,20.3297,30.8106,0,27.2947,32.37,28.0576,23.2868,28.1928,171.37,106.48
Santa Cruz (ZA),12.5244,24.1679,12.9276,8.007,0,35.2217,35.0148,28.0375,22.9079,25.3552,173.21,107.63
Santa Elena,-,-,-,-,0,25.5632,19.2234,13.5894,12.329,27.6198,158.96,98.77
Santa Fe (CU),-,26.807,27.3248,33.6204,0,38.761,39.5012,37.4913,26.1371,21.2073,490.02,304.49
Santa Fe (LE),-,-,-,33.021,0,29.4415,31.3472,30.6906,26.0815,27.4605,572.77,355.9
Santa Fe (NV),-,-,17.3402,26.2132,0,34.8663,33.7187,24.9746,23.9079,25.1531,174.08,108.17
Santa Fe (RN),-,-,-,-,0,17.3614,32.3282,32.6965,26.6174,26.5857,292.44,181.71
Santa Ignacia,-,-,22.3263,32.1038,0,35.5657,35.3021,29.8213,29.2964,30.9997,128.69,79.96
Santa Josefa,-,29.6277,23.5689,37.2976,0,37.2252,37.8596,33.0832,31.7725,29.4868,913.12,567.39
Santa Lucia,-,33.3988,30.7605,39.0548,0,40.4543,40.1325,36.4625,31.6256,32.1429,287.3,178.52
Santa Magdalena,-,-,-,28.0127,0,31.1145,31.4572,29.0519,25.0724,26.5151,401.2,249.3
Santa Marcela,-,31.0122,27.9218,37.5111,0,35.2084,34.6424,30.824,28.6792,24.1756,414.95,257.84
Santa Margarita,-,1.2788,19.1646,37.5633,0,32.1673,31.942,24.8321,23.6534,24.5503,488.74,303.69
Santa Maria (BU),32.0137,42.5313,36.8154,42.0219,0,48.6599,47.4216,39.6996,35.5252,39.0251,25.16,15.63
Santa Maria (DS),-,11.7723,13.7382,32.3918,0,33.6712,35.4852,30.3971,30.4482,31.2435,1021.41,634.67
Santa Maria (IA),-,-,13.2761,30.9482,0,31.4253,28.2341,26.7707,28.5311,28.9827,330.38,205.29
Santa Maria (Imelda),-,26.1761,18.7933,29.4901,0,30.8785,35.2007,32.154,24.7469,28.7494,273.53,169.97
Santa Maria (IS),-,-,24.7931,36.0564,0,37.1262,38.1752,34.2282,26.9373,28.525,313.11,194.56
Santa Maria (LA),-,-,20.5826,24.0123,0,36.8718,38.7087,34.8201,34.4643,33.6337,48.35,30.04
Santa Maria (PS),-,32.6104,28.9866,35.9142,0,36.9278,39.3764,36.12,33.3592,30.5385,156.79,97.43
Santa Monica,-,25.696,18.3184,34.4325,0,28.8633,37.1469,33.7489,25.375,26.9449,748.25,464.94
Santa Praxedes,-,27.0521,24.2706,33.0037,0,29.9557,34.7287,29.2766,25.274,27.3473,442.76,275.12
Santa Rita (PA),-,23.167,19.0616,27.9228,0,30.5463,37.4272,32.9329,32.873,30.7429,59.32,36.86
Santa Rita (WS),-,-,24.6757,29.5843,0,35.6003,36.6304,31.0632,27.778,25.1999,553.59,343.99
Santa Rosa (LA),31.451,39.7381,36.9056,43.5761,49.5124,53.2508,51.6515,43.4635,41.6184,44.5938,37.87,23.53
Santa Rosa (NE),25.5522,19.8736,10.2641,35.9339,0,37.6196,36.67,30.7861,31.0714,30.9097,92.37,57.4
Santa Teresita (BS),-,-,17.3353,30.9838,0,31.3971,35.8136,29.5137,27.0809,32.4386,81.03,50.35
Santa Teresita (CG),-,33.0899,25.6497,39.3251,0,38.1391,39.9467,34.4716,31.8625,33.9976,418.33,259.94
Santander,-,11.342,20.6068,27.4197,0,37.6324,38.7169,31.6069,25.5177,26.1865,627.14,389.69
Santiago (AN),-,30.1318,21.4091,33.1664,0,27.4305,35.7373,33.7849,28.0856,24.3323,774.25,481.1
Santiago (IA),29.3171,34.5683,40.7747,40.9713,43.8868,43.9142,43.6456,36.5582,34.6731,37.2285,237.36,147.49
Santiago (IS),-,23.5083,26.0572,36.7235,0,38.185,38.8503,33.7855,27.0471,30.1918,305.5,189.83
Santo Domingo (AY),16.8446,17.9766,24.1584,30.7891,0,22.0075,36.674,31.172,31.0694,30.4289,337.74,209.86
Santo Domingo (IS),-,28.8791,26.8454,38.2626,0,43.0529,43.8393,40.046,33.8256,36.642,343.89,213.69
Santo Domingo (NE),28.3295,34.5776,24.1968,38.5942,0,37.339,37.5159,33.7761,34.6497,29.5319,110.77,68.83
Santo Nino (CG),-,-,16.0021,30.9649,0,28.9174,34.3972,25.6308,19.8589,27.3218,371.12,230.6
Santo Nino (SC),26.1668,37.0128,31.9183,41.3907,0,-,40.3728,37.0816,33.7883,32.3972,992.69,616.83
Santo Nino (WS),-,-,-,28.5574,0,-,30.3394,23.5052,18.7689,18.3274,478.92,297.59
Santo Tomas (DN),24.1052,25.4593,22.5579,37.0371,0,34.3607,36.3783,34.7168,28.9803,36.1399,934.95,580.95
Santo Tomas (BS),28.0162,31.8911,24.4826,36.9534,0,39.7247,40.0498,31.1997,32.0684,30.2449,62.34,38.73
Santo Tomas (IA),23.9287,29.5779,21.5213,21.1957,0,28.9914,34.9662,25.109,23.5493,24.1603,323.05,200.74
Santo Tomas (LU),-,31.1619,23.8848,38.762,0,39.2872,40.0139,36.9316,31.2386,35.2222,198.06,123.07
Santo Tomas (PA),-,30.4662,26.1288,33.1974,0,32.1546,38.2521,32.0324,31.7671,30.7182,53.62,33.32
Santo Tomas (PS),-,-,23.9524,31.6859,0,35.0463,38.1635,36.0388,29.2887,31.7737,148.77,92.44
Santol,-,32.9865,21.951,34.578,0,37.3251,37.9238,33.0831,26.9686,29.9191,249.62,155.1
Sapa-Sapa,-,-,-,-,-,-,-,23.6347,22.4948,26.6493,1052.76,654.15
Sapad,-,17.6853,10.5903,20.2296,0,27.4848,33.7195,31.9703,28.1171,29.6295,813.18,505.28
Sapang Dalaga,-,4.8226,25.6237,32.7794,0,36.257,35.845,34.9403,28.1651,31.8719,727.7,452.17
Sapi-An,-,-,-,32.4126,0,34.4307,31.9476,28.2116,26.3311,21.0421,385.98,239.84
Sara,-,12.6269,16.7112,25.7046,0,35.8422,34.5479,31.6065,23.6334,29.5673,431.14,267.9
Sarangani,-,41.8966,33.28,65.2502,39.6056,68.2685,70.5328,62.463,54.4452,54.5067,1054.2,655.05
Sariaya,32.2384,33.2445,29.7742,38.505,0,38.9885,42.3862,36.6555,35.0617,38.127,93.27,57.96
Sarrat,-,35.8822,29.0679,34.1466,0,38.3104,38.2046,34.9069,32.5944,32.4205,399.08,247.97
Sasmuan,-,-,14.0367,15.2258,0,33.1416,36.6462,31.8927,31.1508,29.0083,54.64,33.95
Science City of Munoz,30.5804,30.6756,27.3229,38.5595,40.5968,37.3334,37.2946,30.9471,32.3607,32.766,125.94,78.25
Sebaste,-,-,-,13.7483,0,32.0516,32.1891,27.7856,28.116,28.3905,354.51,220.28
Senator Ninoy Aquino,-,31.8753,28.2566,37.1724,0,38.8675,36.3816,33.1539,31.1891,29.5608,979.5,608.64
Sergio Osmena,-,14.2267,11.3243,32.9924,0,-,30.9929,32.6528,23.9481,28.768,748.94,465.37
Sevilla,-,22.5802,24.7293,35.4791,0,37.4543,36.7393,34.8309,28.7901,25.6994,636.94,395.78
Shariff Aguak,-,-,-,-,-,-,-,25.7503,24.0898,25.6308,935.48,581.28
Shariff Saydona Mustapha,-,-,-,-,-,-,-,29.4848,25.853,26.5073,939.05,583.5
Siasi,-,-,-,-,-,-,-,-,7.6273,2.5025,1003.5,623.55
Siaton,20.0354,27.4864,19.1872,34.3985,0,34.2568,34.0966,27.8622,24.5093,25.3809,653.34,405.96
Siay,-,-,14.6983,16.8468,0,30.0804,33.1636,28.5891,28.7345,30.3525,791.86,492.04
Siayan,-,20.074,20.103,27.2541,0,29.7528,33.8218,32.4735,27.9177,28.7406,762.37,473.71
Sibagat,31.4717,30.6497,20.2271,35.2468,0,35.0694,35.5271,30.1802,31.4474,32.9262,821.2,510.27
Sibalom,20.1206,25.5041,22.7712,12.4157,0,33.383,36.0889,23.0322,19.8663,27.4298,436.96,271.51
Sibonga,-,29.9867,25.8444,30.9608,0,40.6935,39.102,35.6434,27.3505,27.2925,583.05,362.29
Sibuco,-,-,4.3433,16.6819,0,16.6912,18.4743,-,26.0223,24.1978,826.98,513.86
Sibulan,-,20.0478,21.3995,29.6482,0,33.311,32.7537,28.9493,25.9351,31.5301,632.7,393.14
Sibunag,-,24.3028,19.9175,31.6153,0,33.1066,33.5319,29.9229,24.6923,27.0314,483.21,300.25
Sibutad,-,-,12.1249,25.2921,0,27.9782,31.4445,25.1348,17.1205,23.6845,717.6,445.9
Sibutu,-,-,-,-,-,-,-,23.8831,23.2289,24.2307,1102.74,1102.74
Sierra Bullones,-,25.8529,25.8616,35.3024,0,38.606,38.1824,30.1185,29.8608,28.2112,641.59,398.67
Sigay,-,20.9179,23.9358,29.1221,0,27.4488,32.2149,28.3485,25.2754,25.5881,276.82,172.01
Sigma,-,13.8217,11.0551,30.4632,0,36.3385,36.4948,29.3046,28.7624,27.8056,396.48,246.36
Sikatuna,-,18.7721,23.7104,37.941,0,35.9082,35.8855,32.1112,27.345,25.495,635.49,394.88
Silago,-,-,23.3407,32.5876,0,32.8315,23.3643,30.149,29.1892,24.3423,644.84,400.69
Silang,32.3093,35.635,33.0117,41.7845,0,46.0746,46.2314,40.1919,36.4616,40.0061,40,24.86
Silay,27.5469,34.4583,31.1121,37.2,38.8339,36.7386,37.8313,33.5904,28.0269,29.7905,473.3,294.09
Silvino Lobos,-,-,-,-,-,21.4061,24.3141,18.7111,22.3404,23.5567,488.28,303.4
Simunul,-,-,-,-,-,-,-,25.66,25.7955,26.3607,1085.09,674.25
Sinacaban,-,4.8662,21.4151,33.8525,0,33.7367,36.2463,33.1308,30.3914,29.9918,766.73,476.42
Sinait,-,32.1305,32.2796,36.2142,0,38.941,41.4028,37.8983,33.5472,32.5309,368.93,229.24
Sindangan,25.7518,25.8381,21.604,29.1754,0,31.9,33.109,29.3855,30.2554,30.9291,739.07,459.23
Siniloan,-,22.1521,26.8959,35.6234,0,35.4357,36.6871,32.1275,30.341,34.6522,53.75,33.4
Siocon,-,-,14.9064,31.8681,0,33.1069,35.5321,32.3302,26.9262,23.4781,775.48,481.86
Sipalay,24.689,26.0512,22.6803,33.7194,36.9203,34.8933,34.6514,31.9623,31.1071,32.5374,560.71,348.41
Sipocot,10.6239,25.1428,21.9209,31.503,0,31.2681,32.1118,26.2697,26.5839,26.9136,234.26,145.56
Siquijor,20.3854,28.2661,22.6713,37.4447,0,38.4641,41.6589,33.9796,25.6502,30.7144,657.86,408.77
Sirawai,-,-,4.0278,1.9893,0,21.1763,24.8688,28.8987,26.533,21.6155,788.14,489.73
Siruma,-,-,-,19.5999,0,31.2464,27.6065,13.8436,20.8036,19.2297,253.98,157.82
Sison (PS),-,-,21.0743,39.0051,0,39.4687,42.8001,37.6754,34.8345,36.8569,182.45,113.37
Sison (SN),-,30.2423,20.2432,31.2384,0,35.2027,39.0672,35.5749,32.1982,31.8106,738.77,459.05
Sitangkai,-,-,-,-,-,-,-,25.6152,25.6195,27.9315,1109.89,689.65
Socorro (OR),31.4409,36.8673,27.9682,32.9705,0,39.7871,39.9772,35.1112,34.1226,30.2746,177.21,110.11
Socorro (SN),-,33.034,25.3135,37.5016,0,38.5473,38.2441,34.1047,32.2365,32.4432,770.75,478.92
Sofronio Espanola,-,25.0948,23.4737,33.8899,0,-,32.1069,28.0151,25.4869,22.1184,704.47,437.74
Sogod (CU),-,28.6479,27.7184,35.7462,0,39.8308,41.1667,35.6454,34.139,32.7174,539.05,334.95
Sogod (SL),-,-,21.815,30.8616,0,30.4316,26.4889,25.2745,23.8282,30.6446,638.48,396.73
Solana,16.9218,23.3279,20.9029,31.66,0,34.587,34.9593,32.2815,30.8083,32.5705,349.62,217.25
Solano,28.9092,31.3883,30.8107,40.02,0,36.2528,39.8629,33.5181,29.4423,31.0108,216.32,134.41
Solsona,-,33.9603,27.9187,35.1267,0,38.2261,38.8046,34.7151,36.0035,32.7464,391.2,243.08
Sominot,-,-,16.8923,7.9072,0,29.6382,31.3211,34.9975,27.3607,26.7958,773.42,480.58
Sorsogon,17.7846,36.5418,40.4782,42.5604,40.2195,38.0273,39.5141,36.3572,31.9772,35.0333,372.72,231.6
South Ubian,-,-,-,-,-,-,-,21.6112,21.3499,23.6199,1042.67,647.88
South Upi,-,-,-,-,-,-,-,31.3177,27.3239,26.2972,926.13,575.47
Sual,-,22.3591,18.6104,33.9886,0,29.6404,31.1629,31.6062,27.5673,31.7117,189.89,117.99
Subic,22.6147,22.9153,12.8667,26.4659,0,30.631,38.5547,31.8926,25.1838,29.9666,86.07,53.48
Sudipen,-,-,15.5443,35.6104,0,37.2557,37.9873,32.3784,30.1808,30.8774,264.28,164.22
Sugbongcogon,-,23.6597,22.9724,34.9776,0,35.9496,38.4083,32.5101,24.8643,30.7566,750.69,466.45
Sugpon,-,25.5984,23.5497,33.2985,0,32.6439,34.4322,30.9535,25.3871,28.8333,256.24,159.22
Sulat,-,-,20.6625,31.2666,0,34.5251,34.432,25.7683,29.0098,28.5916,574.14,356.75
Sulop,-,20.0223,18.4872,38.827,0,39.7253,44.1665,41.2797,39.9619,39.5946,1006.53,625.43
Sultan Dumalondong,-,-,-,-,-,-,-,29.7416,31.6188,28.5036,858.74,533.6
Sultan Kudarat,-,-,29.3242,36.5174,39.3766,39.0975,38.0599,67.5678,59.23,63.8173,892,554.26
Sultan Mastura,-,-,-,-,-,-,-,30.9899,25.6012,30.8263,886.34,550.75
Sultan Naga Dimaporo,-,30.9873,24.4789,14.9689,0,23.5448,34.8484,31.9166,32.023,25.4828,820.3,509.71
Sultan Sa Barongis,-,-,-,-,-,-,-,18.6533,23.1678,25.9775,943.24,586.1
Sumilao,-,27.8469,27.6531,38.0469,0,38.6602,40.6493,35.6909,30.9543,29.0909,816.05,507.07
Sumisip,-,-,-,-,-,-,-,16.452,19.5446,32.3675,914.35,568.15
Surallah,35.9821,37.5458,30.6808,41.4352,0,40.3926,41.803,38.1441,32.3871,34.7018,1001.27,622.16
Surigao,36.048,38.8653,36.7322,41.0364,43.7046,38.2916,41.2636,35.7207,34.1452,29.8127,724.78,450.36
Suyo,-,29.0766,23.8444,31.9135,0,33.7258,36.1236,33.0053,30.8746,29.6136,269.13,167.23
Taal,-,40.6574,29.7016,44.0529,0,44.0648,44.0471,35.6822,38.221,36.7092,78.47,48.76
Tabaco,37.3574,38.321,31.0373,38.0123,41.6988,35.7425,37.7561,31.2196,30.6535,36.4424,327,203.19
Tabango,-,-,-,28.9477,0,30.8231,34.4425,29.3687,22.6743,25.3608,515.24,320.16
Tabina,-,-,21.1895,8.6428,0,37.6142,34.3733,29.6884,22.2902,21.7576,838.98,521.32
Tabogon,-,21.7157,23.089,26.4461,0,39.4966,39.1565,32.1476,29.9812,28.0046,522.94,324.94
Tabontabon,-,-,-,18.721,0,29.335,22.3514,24.6108,20.7176,24.7174,580.92,360.96
Tabuan-Lasa,-,-,-,-,-,-,-,-,8.1807,9.6495,926.86,575.92
Tabuelan,-,10.9525,19.9784,25.4153,0,38.2271,34.2845,25.083,22.8908,24.0463,522.65,324.76
Tabuk,28.7427,32.4134,30.5416,37.746,40.983,37.7409,37.4643,33.9377,32.4049,34.2119,325.77,202.42
Tacloban,33.7145,21.6744,23.6701,41.6849,41.8591,34.9767,35.8332,32.2174,37.4105,39.6107,572.33,355.63
Tacurong,34.25,38.3807,39.2363,42.6365,45.6879,39.5493,40.5964,35.6266,35.5051,38.7673,965.58,599.99
Tadian,-,17.846,24.2367,36.2065,0,34.7525,36.8784,31.9204,30.8285,26.907,268.73,166.98
Taft,-,-,14.1522,17.9507,0,31.2388,33.3341,22.1305,23.127,22.38,565.68,351.5
Tagana-An,-,27.6959,22.5559,35.7516,0,38.0231,45.1133,38.3292,31.8075,36.605,739.54,459.53
Tagapul-An,-,-,-,25.8933,0,27.9045,30.7708,29.4849,23.688,23.167,445.04,276.53
Tagaytay,31.2134,33.7157,31.6885,39.5315,41.555,38.7561,39.465,34.1843,36.6781,35.0134,54.28,33.73
Tagbilaran,36.9911,38.2771,39.0726,43.9539,50.2734,43.1221,46.3707,41.2572,37.7955,44.7796,630.28,391.64
Tagbina,-,29.3182,21.8499,33.5399,0,34.411,35.0204,29.4084,27.4535,28.5491,884.42,549.55
Tagkawayan,-,21.3691,23.58,37.7512,0,35.7527,36.9631,30.5915,30.1994,32.4078,181.98,113.08
Tago,-,20.7871,22.3508,36.9556,0,33.859,35.8553,30.1552,26.6524,26.901,839.92,521.9
Tagoloan (LN),-,4.7748,6.3114,23.961,0,24.5737,23.901,29.7876,18.6977,25.6103,802.69,498.77
Tagoloan (MO),34.1791,33.6755,28.9141,33.9382,0,38.3091,38.8922,33.6611,30.4507,34.65,788.93,490.22
Tagoloan II,-,-,-,-,-,-,-,17.1698,18.9586,10.0134,813.31,505.37
Tagudin,24.9189,34.3555,29.4645,39.2401,0,37.0051,38.8266,35.4614,32.308,33.3565,267.54,166.24
Taguig,-,14.4464,34.2928,48.3591,46.6432,42.0334,34.9544,34.8888,39.8952,38.4518,11.91,7.4
Tagum,31.9409,43.1699,44.1938,50.3172,53.9554,51.6541,59.2123,52.5954,47.9205,46.8482,952.55,591.89
Talacogon,30.3533,30.6455,24.0309,36.5033,0,38.091,38.1984,34.4789,28.7059,28.8612,863.78,536.73
Talaingod,-,14.4399,21.0811,34.5623,0,34.0261,33.9438,30.5527,27.4685,28.6122,904.43,561.99
Talakag,-,28.9521,24.0766,36.3229,0,35.5196,36.0002,31.5552,25.5856,28.8921,835.24,518.99
Talalora,-,-,-,24.1847,0,29.1282,12.9999,27.379,21.2776,20.9603,538.75,334.76
Talavera,32.9123,38.4731,30.2638,39.9638,0,44.0249,42.6287,36.1699,35.6603,36.4479,111.51,69.29
Talayan,-,-,-,-,-,-,-,29.6445,24.3258,23.5644,923.81,574.03
Talibon,34.6932,31.5606,30.1278,36.1502,0,35.6806,39.5149,35.2127,28.4748,29.4059,612.63,380.67
Talipao,-,-,-,-,-,-,-,27.1524,26.2074,25.6076,958.25,595.43
Talisay (CN),23.4206,23.8267,23.3464,31.4111,0,29.7044,30.1277,27.8306,30.9214,27.5598,215.86,134.13
Talisay (CU),26.6618,30.0979,28.006,37.4065,42.2806,-,-,36.3985,33.8746,33.8686,575.26,357.45
Talisay (BS),-,31.2153,26.681,34.0206,0,36.4577,39.4782,36.8615,25.8213,23.8835,56.06,34.83
Talisay (NO),30.0193,35.4455,30.8528,38.0531,40.8701,35.8232,36.0011,32.0201,31.7338,31.8242,480.15,298.35
Talisayan,-,26.8013,24.4871,33.9548,0,36.571,37.2356,33.7038,28.5191,28.4388,752.88,467.82
Talitay,-,-,-,-,-,-,-,26.9236,26.0774,25.8097,915.66,568.97
Talugtug,-,32.6108,22.7185,33.8355,0,35.3834,35.4183,30.1822,30.7339,30.7572,134.18,83.37
Talusan,-,-,20.7833,7.8062,0,30.7403,38.0214,33.7293,32.0798,32.3881,831.78,516.84
Tambulig,-,-,24.1139,32.2865,0,34.7701,37.5875,29.0971,26.6711,23.4824,776.04,482.21
Tampakan,27.9132,34.3265,26.0666,38.0691,0,35.7866,36.7926,33.7513,31.6065,33.8065,1002.57,622.97
Tamparan,-,-,-,-,-,-,-,27.8746,27.4261,14.5574,830.75,516.21
Tampilisan,26.2434,26.3294,21.5158,34.2656,0,34.8423,36.7359,32.2481,29.2879,23.8262,756.28,469.93
Tanauan (BS),30.1252,40.7949,38.7052,41.5697,47.0196,40.0796,42.135,36.9956,34.0234,37.166,59.5,36.97
Tanauan (LE),-,1.4714,20.4231,28.4802,0,28.2676,33.1457,32.1652,21.9678,26.5413,584.96,363.48
Tanay,31.529,35.6039,32.3438,43.0099,0,40.4804,39.5111,35.1941,31.704,36.8313,34.67,21.54
Tandag,30.1982,30.9574,31.6826,39.5536,41.117,33.4898,36.0484,31.9667,32.7055,33.2098,835.06,518.88
Tandubas,-,-,-,-,-,-,-,24.8567,21.465,18.4317,1044.19,648.83
Tangalan,-,18.8189,25.1448,35.4333,0,37.3956,41.0733,36.1252,33.6605,32.5538,341.73,212.34
Tangcal,-,19.9321,21.9767,32.6645,0,31.2083,34.1473,31.8169,24.6414,23.5626,806.97,501.43
Tangub,22.4837,25.6618,29.4017,37.3958,39.4788,38.484,37.4197,32.2765,27.6281,29.3769,785.73,488.23
Tanjay,22.6778,31.9266,26.6972,35.285,39.3325,34.2417,37.2403,32.3361,29.7168,32.476,607.86,377.71
Tantangan,17.8866,33.8271,27.4732,38.0981,0,40.7198,40.9769,36.192,33.0275,28.8525,983.33,611.01
Tanudan,-,11.084,23.4401,33.3602,0,27.2045,31.1342,27.5629,23.0971,21.3697,301.35,187.25
Tanza,35.1907,35.73,31.747,35.7525,0,43.0237,42.7992,37.0499,33.706,39.9054,24.69,15.34
Tapaz,17.5621,16.3482,7.5277,29.918,0,33.8115,33.6372,28.8838,27.6708,32.0774,406.14,252.36
Tapul,-,-,-,-,-,-,-,-,5.2327,3.2164,983.4,611.06
Taraka,-,-,-,-,-,-,-,27.0003,27.415,25.5667,828,514.5
Tarangnan,-,-,21.5802,27.9954,0,30.3486,29.2464,26.0655,24.1021,20.7557,513.64,319.16
Tarlac,24.338,23.8376,33.734,39.7887,42.7844,38.4465,43.7087,36.7222,39.9357,40.9622,106.78,66.35
Tarragona,-,11.9492,12.7965,35.6961,0,33.5833,36.5194,30.5253,33.1355,28.0973,1029.34,639.6
Tayabas,20.0634,28.2113,31.3966,37.7311,39.7071,35.7049,37.1117,30.8423,32.2291,32.9017,91.14,56.63
Tayasan,-,17.7983,19.3194,33.0696,0,38.1969,35.4833,29.8609,19.355,17.4633,570.32,354.38
Taysan,-,21.0847,22.8467,34.046,0,35.2122,35.7656,31.2086,27.5908,29.1335,90.61,56.3
Taytay (PN),4.4698,25.8296,25.9254,32.4422,0,35.4921,36.7737,33.405,27.0288,29.8774,424.73,263.92
Taytay (RL),38.053,41.3192,43.0589,52.3258,0,52.2046,51.0578,46.661,42.5147,45.0574,17.11,10.63
Tayug,12.1981,33.4064,34.4162,44.5567,0,41.1691,45.0528,41.1146,37.7361,36.6574,162.62,101.05
Tayum,-,-,24.3271,32.181,0,35.2026,36.2734,34.6695,25.0755,33.7108,339.34,210.85
Teresa,28.0729,31.8444,27.8127,39.4446,0,38.0788,37.6147,32.8388,32.7814,35.1026,25.55,15.88
Ternate,-,-,23.5545,33.1796,0,34.4038,34.3409,30.3402,30.6344,30.8191,43.11,26.79
Tiaong,26.7966,31.706,29.853,34.8019,0,38.4313,41.5917,36.6034,31.7045,32.8479,77.85,48.37
Tibiao,-,-,21.6773,24.883,0,33.4931,30.1109,19.4884,20.8379,23.6596,383.65,238.39
Tigaon,31.7881,40.1141,33.3001,37.9198,0,43.2546,42.0481,34.06,30.5092,30.772,291.87,181.36
Tigbao,-,-,3.8696,28.7978,0,20.3988,27.6184,31.1931,22.102,26.9485,791.31,491.7
Tigbauan,-,21.8685,24.92,37.2218,0,39.6442,39.5906,35.1685,32.6816,34.1473,460.44,286.11
Tinambac,-,9.1427,15.4957,25.3851,0,21.6942,25.3555,21.697,20.1398,25.2301,267.31,166.1
Tineg,-,-,-,28.7283,0,27.4703,26.7268,25.0789,23.1753,23.7554,362.88,225.49
Tinglayan,-,12.1072,21.4921,32.2903,0,35.3646,35.0921,29.7145,28.5584,25.3566,298.92,185.74
Tingloy,-,-,14.5953,18.2556,0,24.7989,32.557,27.3839,22.2542,20.8177,103.14,64.09
Tinoc,-,-,-,25.8264,0,28.5089,29.1098,28.3602,26.9216,27.6697,229.52,142.62
Tipo-Tipo,-,-,-,-,-,-,-,18.0233,2.9231,24.2402,909.18,564.94
Titay,-,18.2579,21.607,9.6468,0,29.079,32.5347,26.4328,25.9517,25.8727,766.34,476.18
Tiwi,20.7505,19.1384,16.7774,32.334,0,33.945,34.8563,29.2689,24.6384,24.8346,317.37,197.21
Tobias Fornier,-,-,19.8111,14.8549,0,32.4543,37.0647,27.5401,28.8417,27.7637,464,464
Toboso,-,23.0514,17.6036,29.8345,0,35.9048,36.1028,31.6718,25.7035,23.3189,510.92,317.47
Toledo,26.3294,26.3931,30.7208,32.608,35.5069,36.5918,34.8442,31.0273,29.1087,32.8543,549.65,341.54
Tolosa,-,-,-,22.0904,0,35.4769,34.4351,34.265,27.9971,28.0714,588.89,365.92
Tomas Oppus,-,-,12.1135,11.6145,0,24.2886,26.6203,34.5751,33.0132,33.0727,644.83,400.68
Tongkil,-,-,-,-,-,-,-,-,7.8685,1.5725,954.01,592.79
Torrijos,9.4093,32.8378,29.5656,40.0551,0,40.7542,39.4904,33.6795,31.87,31.0751,184.53,114.66
Trece Martires,25.6877,34.1738,31.2459,35.3984,37.3828,36.322,36.4898,33.7464,33.5728,33.9622,35.5,22.06
Trento,24.5492,33.1437,25.2051,38.4096,0,36.6508,38.4146,32.8291,31.1771,31.871,914.37,568.16
Trinidad,-,29.3475,27.0247,35.4899,0,38.7934,39.8447,34.9877,31.5094,26.0236,620.09,385.31
Tuao,23.8375,27.4397,16.8613,29.4765,0,32.3167,32.7796,27.6109,24.5312,30.764,354.78,220.45
Tuba,32.1156,34.209,26.7743,35.3911,0,36.13,35.2408,31.9783,30.0992,30.2851,206.13,128.08
Tubajon,-,26.7959,22.1729,32.4889,0,31.6689,33.7592,28.1891,24.1653,27.6507,691.04,429.39
Tubao,-,-,23.2495,35.756,0,36.7771,38.6781,34.6486,34.9343,32.9325,205.15,127.47
Tubaran,-,-,-,-,-,-,-,23.8533,18.8499,7.4636,840.66,522.36
Tubay,-,25.133,16.765,32.0333,0,34.4046,33.7026,30.5971,28.448,25.6581,780.67,485.09
Tubigon,34.4815,35.4058,29.8718,37.5942,0,37.3011,39.0983,34.1846,31.0108,31.6535,608.76,378.27
Tublay,29.8699,32.0255,32.0504,39.5055,0,37.4996,42.0632,37.523,32.9388,34.4873,217.98,135.44
Tubo,-,-,-,18.7078,0,29.6346,30.9161,29.7215,29.2333,27.7895,290.04,180.22
Tubod (LN),31.2177,32.973,26.8748,32.986,0,36.7232,37.351,32.1772,28.2606,28.1963,789.01,490.27
Tubod (SN),-,28.3394,23.5926,37.7571,0,36.8828,40.0916,38.5764,35.7104,47.3188,750.4,466.28
Tubungan,-,19.1158,24.6237,35.9924,0,37.1465,39.8097,32.1361,31.802,29.052,448.74,278.83
Tuburan (BA),-,-,-,-,-,-,-,-,2.9038,16.016,898.06,558.03
Tuburan (CU),-,17.8666,24.0093,35.7951,0,33.8854,37.3572,32.5057,30.3561,30.4298,529.16,328.8
Tudela (CU),-,9.359,15.9775,29.0545,0,35.4658,37.9096,36.0434,27.2847,27.7352,580.65,360.8
Tudela (MC),-,25.4548,27.2459,37.1956,0,37.5904,36.2983,33.8624,31.8905,32.6931,772.27,479.87
Tugaya,-,-,-,-,-,-,-,25.3651,26.4989,25.226,821.71,510.58
Tuguegarao,32.0225,38.4767,37.5323,41.5814,45.3705,43.9463,45.1263,41.6209,44.6356,47.1808,346.94,215.58
Tukuran,-,-,19.8837,34.6939,0,38.4964,38.0808,31.2313,24.6798,25.1492,800.32,497.3
Tulunan,17.6028,29.9305,27.4536,37.5023,0,34.9021,36.1301,30.7629,28.1339,30.4225,962.05,597.79
Tumauini,26.1139,33.9628,24.7782,37.8752,0,38.2491,38.3704,32.0236,27.3914,32.9832,312.32,194.07
Tunga,-,-,-,23.3924,0,20.8069,31.9622,29.3037,19.5225,19.1348,552.62,343.38
Tungawan,-,24.2754,22.6522,22.7677,0,34.4709,35.7123,30.4565,26.9911,28.2147,792.25,492.28
Tupi,37.7304,34.6899,28.1924,39.2698,0,38.3026,38.7776,35.7215,32.9554,34.6269,1014.97,630.67
Turtle Islands,-,-,-,-,-,-,-,28.8378,22.3711,26.5189,969.77,602.59
Tuy,-,18.4449,21.9727,34.8624,0,36.1329,36.7548,30.354,27.7141,29.2778,68.16,42.35
Ubay,33.9042,32.1183,22.4787,35.5666,0,35.9558,37.2202,34.945,31.0687,31.676,630.3,391.65
Umingan,24.3779,31.6373,25.1285,32.3334,0,31.4082,34.4809,33.914,30.6948,30.0555,150.42,93.47
Ungkaya Pukan,-,-,-,-,-,-,-,-,6.7703,19.6807,905.93,562.92
Upi,-,-,-,-,-,-,-,31.9795,29.2261,32.9909,905.09,562.4
Urbiztondo,-,-,16.4052,33.3013,0,36.8213,38.8983,34.2033,35.6126,29.3293,154.42,95.95
Urdaneta,29.3688,38.4684,34.3424,40.7532,42.0531,38.258,40.3833,36.626,35.0535,36.3827,161.01,100.05
Uson,-,-,16.8002,24.5984,0,11.3201,32.057,24.1693,22.6059,28.4449,403.62,250.8
Uyugan,-,-,10.8777,25.9848,0,22.1503,24.7617,24.4779,21.1255,26.5626,653.02,405.77
Ubay,33.9042,32.1183,22.4787,35.5666,0,35.9558,37.2202,34.945,31.0687,31.676,630.3,391.65
Umingan,24.3779,31.6373,25.1285,32.3334,0,31.4082,34.4809,33.914,30.6948,30.0555,150.42,93.47
Ungkaya Pukan,-,-,-,-,-,-,-,-,6.7703,19.6807,905.93,562.92
Upi,-,-,-,-,-,-,-,31.9795,29.2261,32.9909,905.09,562.4
Urbiztondo,-,-,16.4052,33.3013,0,36.8213,38.8983,34.2033,35.6126,29.3293,154.42,95.95
Urdaneta,29.3688,38.4684,34.3424,40.7532,42.0531,38.258,40.3833,36.626,35.0535,36.3827,161.01,100.05
Uson,-,-,16.8002,24.5984,0,11.3201,32.057,24.1693,22.6059,28.4449,403.62,250.8
Uyugan,-,-,10.8777,25.9848,0,22.1503,24.7617,24.4779,21.1255,26.5626,653.02,405.77
